Film,Aud01,Aud02,Aud03,Aud04,Aud05,Aud06,Aud07,Aud08,Aud09,Aud10,Aud11,Aud12,Aud13,Aud14,Aud15,Aud16,Aud17,Aud18
2 GUNS,0.82,0.94,0.79,0.97,0.75,0.97,0.86,1.09,1.27,0.99,1.05,1.02,0.95,0.84,0.78,1.22,1.27,1.02
3 DAYS TO KILL,0.74,0.75,0.95,1.15,1.10,1.02,0.95,1.68,1.46,0.93,0.90,1.07,0.96,1.03,1.00,0.93,0.89,0.93
7 DAYS IN ENTEBBE,0.78,0.72,0.83,1.44,0.99,0.91,1.04,1.72,2.14,0.63,0.60,0.89,0.66,0.51,0.77,0.72,0.59,0.64
10 CLOVERFIELD LANE,1.08,0.92,0.98,0.97,0.97,0.98,0.87,0.81,1.24,1.01,1.05,1.08,0.98,0.80,0.93,0.92,0.94,0.74
12 STRONG,0.63,0.85,1.09,1.20,1.31,0.93,1.07,1.30,1.17,0.96,0.93,1.24,1.05,1.27,1.14,0.64,0.74,1.04
13 HOURS: THE SECRET SOLDIERS OF BENGHAZI,0.68,0.74,0.93,1.22,1.15,0.93,1.14,1.44,1.42,0.88,0.85,1.23,0.94,1.21,0.95,0.68,0.77,1.11
21 AND OVER,0.84,0.93,0.76,0.78,0.89,0.96,0.64,0.82,0.97,1.07,1.22,1.05,1.03,1.02,1.03,1.07,0.96,0.86
21 JUMP STREET,1.13,0.97,0.88,1.09,1.00,0.95,0.78,0.87,1.14,1.18,1.27,1.10,0.95,0.76,0.80,1.08,0.86,0.72
22 JUMP STREET,0.94,0.91,0.91,1.01,0.86,1.00,0.95,0.95,1.07,1.03,1.19,1.05,1.05,0.86,0.99,0.99,0.90,0.94
42,0.96,0.91,1.04,1.05,1.11,0.98,1.04,0.91,1.31,0.91,0.90,0.91,0.98,0.86,1.12,0.82,1.08,0.86
47 METERS DOWN,0.54,0.72,0.73,0.96,0.88,0.84,0.94,1.26,0.79,0.82,1.39,1.37,1.03,1.41,1.03,0.96,0.91,1.38
47 RONIN,0.83,0.74,0.84,0.93,1.11,0.76,0.71,0.89,1.02,1.21,1.18,1.06,0.84,0.84,0.73,1.10,0.98,0.91
90 MINUTES IN HEAVEN,0.59,0.81,0.87,1.35,1.04,1.12,0.97,1.47,1.44,0.78,0.97,1.29,1.01,1.41,1.20,0.74,0.71,1.19
300: RISE OF AN EMPIRE,1.07,1.12,1.00,0.76,0.83,0.76,0.66,0.79,0.89,1.18,1.22,1.09,0.99,0.75,0.79,1.26,1.19,0.91
A BAD MOMS CHRISTMAS,0.62,0.78,1.01,1.00,0.93,1.31,1.04,0.85,1.37,0.76,0.80,0.98,1.04,0.81,1.38,0.63,0.73,0.66
A CURE FOR WELLNESS,1.11,0.88,1.00,0.95,0.98,1.26,0.84,0.88,1.38,0.82,0.82,0.93,0.98,0.94,1.04,0.75,0.88,0.76
A DOG'S PURPOSE,0.62,0.73,0.96,1.11,1.09,1.06,1.13,1.03,1.11,0.80,0.99,1.14,1.00,1.22,1.27,0.66,0.68,0.90
A GOOD DAY TO DIE HARD,0.98,1.13,1.00,0.96,0.85,0.91,0.88,1.09,0.95,1.04,0.93,0.94,0.96,0.78,0.89,1.13,1.06,0.82
A HAUNTED HOUSE,0.53,0.87,0.49,0.52,0.41,0.84,0.56,0.70,0.54,0.88,1.56,0.82,1.15,0.99,0.79,1.58,1.50,1.34
A HAUNTED HOUSE 2,0.66,0.84,0.47,0.58,0.48,0.83,0.52,0.74,0.63,0.97,1.72,0.90,1.15,0.82,0.67,1.77,1.51,1.20
A MILLION WAYS TO DIE IN THE WEST,0.96,0.79,1.04,1.19,1.01,0.98,0.89,1.09,1.41,1.00,0.94,1.04,0.92,0.90,1.01,0.79,0.78,0.83
A MONSTER CALLS,0.95,0.70,0.95,1.41,1.24,0.78,0.87,0.94,1.56,0.97,1.05,1.24,0.84,0.80,0.97,0.77,0.67,0.66
A QUIET PLACE,1.05,0.98,1.03,0.97,1.16,0.95,0.95,0.86,0.98,1.06,1.16,0.96,1.13,0.96,1.04,1.02,0.99,0.90
A SIMPLE FAVOR,1.08,0.84,1.00,1.14,0.87,1.04,1.08,0.94,1.73,0.77,0.66,0.97,0.86,0.91,0.98,0.61,0.78,0.79
A THOUSAND WORDS,0.65,0.77,0.55,0.72,0.58,0.81,0.75,1.02,0.94,0.81,1.05,1.12,0.86,1.04,0.69,1.40,1.53,1.34
A WALK AMONG THE TOMBSTONES,0.90,0.85,0.79,1.11,0.80,1.03,0.88,1.26,1.44,0.99,1.10,1.01,0.92,0.96,0.91,1.03,0.95,0.92
A WALK IN THE WOODS,0.52,0.65,1.08,1.33,1.12,1.07,1.24,1.45,1.53,0.58,0.52,0.98,1.04,1.26,1.34,0.39,0.62,0.84
A WRINKLE IN TIME,0.89,0.81,0.96,1.01,1.01,0.92,0.99,0.89,1.23,0.84,0.76,1.14,0.92,0.83,0.93,0.85,1.08,0.87
A.X.L.,0.72,0.78,0.85,1.19,1.14,0.98,0.92,1.16,0.97,1.02,1.24,1.27,0.95,1.00,1.05,1.04,0.84,1.02
ABOUT LAST NIGHT,0.75,1.12,0.50,0.39,0.32,0.64,0.58,0.69,0.87,0.79,0.79,0.62,1.12,0.69,0.58,1.65,2.40,1.72
ABOUT TIME,0.98,0.75,0.99,1.03,0.89,1.01,0.96,0.73,2.03,0.75,0.67,0.93,0.83,0.77,0.89,0.60,0.73,0.57
ABRAHAM LINCOLN: VAMPIRE HUNTER,0.98,0.90,0.97,0.91,0.92,0.78,0.84,0.95,0.97,1.06,1.12,1.01,1.02,1.02,0.96,1.00,1.10,1.08
ACT OF VALOR,0.79,0.94,1.02,1.19,1.28,1.01,1.03,1.29,1.14,1.01,1.02,1.12,1.09,1.10,1.01,0.74,0.86,1.11
ACTION POINT,0.69,0.73,0.82,1.18,0.94,1.15,0.90,1.07,1.00,0.91,1.19,1.04,1.09,1.10,1.19,0.80,0.72,0.82
ADDICTED,0.54,0.79,0.42,0.34,0.54,0.68,0.54,0.66,0.72,0.53,0.73,0.61,0.83,0.62,0.53,1.27,1.96,1.20
ADMISSION,1.09,0.79,1.06,1.16,1.12,1.19,1.26,1.46,2.12,0.64,0.54,0.92,0.81,0.81,0.91,0.59,0.73,0.63
ADRIFT,0.67,0.70,0.88,1.32,1.24,1.01,1.15,1.59,1.33,0.77,0.94,1.20,0.95,1.23,1.04,0.69,0.69,1.06
AFTER EARTH,0.79,0.85,0.74,0.87,0.91,0.61,0.73,1.04,0.75,1.09,1.38,1.11,0.96,1.01,0.76,1.40,1.40,1.28
ALEX CROSS,0.59,1.04,0.57,0.62,0.52,0.71,0.72,1.05,0.99,0.71,0.78,0.70,1.09,0.80,0.71,1.52,2.41,1.62
"ALEXANDER AND THE TERRIBLE, HORRIBLE, NO GOOD",0.74,0.87,0.97,1.00,1.04,1.29,1.46,0.78,1.29,0.79,0.93,1.11,0.94,1.20,1.05,0.87,0.82,0.90
ALICE THROUGH THE LOOKING GLASS,0.77,0.85,0.95,1.06,1.11,0.92,0.85,1.01,0.95,1.09,1.20,1.26,0.93,1.16,0.95,0.97,0.80,1.08
ALIEN: COVENANT,1.30,0.91,1.06,0.93,0.88,0.80,0.81,0.84,1.20,1.16,0.99,1.00,0.91,0.70,0.83,0.99,1.00,0.74
ALL EYEZ ON ME,0.84,0.82,0.50,0.58,0.35,0.52,0.45,0.57,0.74,1.00,1.20,0.77,0.93,0.54,0.55,1.55,2.27,1.49
ALL SAINTS,0.44,0.78,1.10,1.46,1.20,0.76,1.11,1.55,1.56,0.66,0.69,1.31,1.09,1.52,1.34,0.44,0.72,1.25
ALL THE MONEY IN THE WORLD,1.09,0.74,0.89,1.27,0.79,1.13,1.12,1.72,2.20,0.69,0.67,0.94,0.72,0.71,0.91,0.70,0.72,0.66
ALLIED,1.06,0.76,0.86,1.30,0.78,1.11,1.09,1.19,1.94,0.75,0.65,0.84,0.72,0.67,0.82,0.69,0.71,0.53
ALMOST CHRISTMAS,0.52,0.98,0.44,0.39,0.27,0.65,0.59,0.71,0.60,0.61,0.74,0.61,1.04,0.81,0.60,1.53,2.72,2.14
ALOHA,0.93,0.79,1.10,1.32,1.07,1.14,1.30,1.25,1.96,0.75,0.57,0.96,0.86,0.94,1.04,0.53,0.72,0.80
ALPHA,0.73,0.77,0.88,1.20,1.19,0.98,0.89,1.03,0.99,0.95,1.16,1.16,0.85,1.04,0.92,0.84,0.65,0.80
ALVIN AND THE CHIPMUNKS: THE ROAD CHIP,0.64,0.68,0.70,0.80,0.71,0.80,0.97,0.81,0.90,0.76,1.08,1.08,0.95,1.39,1.00,1.14,1.10,1.37
AMERICA,0.64,0.76,1.00,1.53,1.38,1.41,1.22,1.24,1.47,0.76,0.80,1.31,0.93,1.09,0.89,0.61,0.71,0.88
AMERICAN ASSASSIN,0.75,0.78,0.99,1.22,1.06,0.89,0.98,1.15,1.30,0.97,0.96,1.13,0.88,0.93,0.96,0.88,0.94,0.93
AMERICAN HUSTLE,1.46,0.99,1.06,1.13,0.61,1.22,1.30,1.06,2.36,0.73,0.50,0.72,0.75,0.57,0.83,0.67,0.78,0.50
AMERICAN MADE,1.02,0.71,1.00,1.22,0.96,0.80,0.98,1.39,1.57,0.97,0.93,1.09,0.74,0.79,0.86,0.78,0.78,0.72
AMERICAN REUNION,0.91,1.02,0.80,0.81,0.66,1.09,0.77,0.83,0.99,0.98,1.07,0.82,1.07,0.74,1.04,1.06,0.83,0.68
AMERICAN SNIPER,0.80,1.09,1.16,1.06,1.09,1.01,1.26,1.19,1.15,0.87,0.80,1.16,1.23,1.32,1.29,0.64,0.85,1.20
AMERICAN ULTRA,1.02,0.69,0.94,1.06,1.05,1.04,0.77,0.90,1.75,0.92,0.91,0.96,0.80,0.75,0.84,0.80,0.81,0.69
ANCHORMAN 2: THE LEGEND CONTINUES,1.02,1.00,1.17,1.03,0.97,1.28,1.29,0.84,1.43,0.82,0.69,0.90,1.00,0.86,1.20,0.67,0.82,0.72
AND SO IT GOES,0.55,0.67,0.93,1.29,0.98,1.33,1.23,1.72,2.03,0.55,0.59,1.10,0.93,1.10,1.21,0.52,0.62,0.87
ANNABELLE,0.69,0.86,0.70,0.71,0.75,0.90,0.62,0.64,0.65,1.11,1.88,1.11,1.31,1.16,1.03,1.27,1.08,1.13
ANNABELLE: CREATION,0.71,0.76,0.70,0.78,0.66,0.91,0.66,0.65,0.65,1.15,1.75,1.30,1.10,0.94,0.87,1.28,1.08,1.04
ANNIE,0.86,0.93,0.87,0.90,0.79,0.81,1.18,0.91,1.27,0.79,0.81,0.99,0.96,1.07,0.88,1.22,1.59,1.32
ANNIHILATION,1.49,0.81,1.02,1.11,1.01,0.93,0.83,0.82,1.71,0.88,0.75,0.87,0.79,0.63,0.85,0.71,0.83,0.60
ANT-MAN,1.12,1.02,1.01,1.05,1.03,0.89,0.97,0.89,1.05,1.15,1.02,0.97,0.95,0.80,0.82,1.06,0.99,0.83
ANT-MAN AND THE WASP,1.03,0.98,0.96,1.18,1.04,0.93,0.98,0.95,0.97,1.16,1.06,1.03,0.94,0.83,0.87,1.00,0.90,0.83
ARGO,1.65,0.86,1.04,1.18,0.72,1.11,1.12,1.14,2.47,0.74,0.48,0.71,0.66,0.53,0.75,0.57,0.73,0.42
ARRIVAL,1.64,0.79,1.03,1.17,1.01,0.83,0.86,0.79,1.78,0.85,0.65,0.72,0.67,0.56,0.74,0.64,0.73,0.49
"AS ABOVE, SO BELOW",0.78,0.83,0.78,0.87,0.87,0.99,0.69,0.74,0.85,1.08,1.51,1.10,1.12,1.06,0.98,1.15,1.00,0.98
ASSASSIN'S CREED,0.81,0.82,0.82,0.86,1.08,0.86,0.81,0.85,0.90,1.00,1.12,1.02,0.93,0.95,0.91,1.11,1.05,1.02
ATLAS SHRUGGED: PART II,0.87,0.87,1.20,1.27,1.38,0.70,1.23,1.49,2.03,0.68,0.55,1.02,0.90,1.07,1.00,0.56,0.75,0.93
ATOMIC BLONDE,1.31,0.81,0.96,1.05,0.77,0.82,0.85,0.94,1.45,1.06,0.82,0.97,0.72,0.60,0.66,0.97,0.98,0.68
AVENGERS: AGE OF ULTRON,1.13,1.19,1.09,0.88,1.17,0.89,0.94,0.87,0.95,1.10,0.99,0.95,1.09,0.86,0.94,1.07,1.07,0.92
AVENGERS: INFINITY WAR,1.03,1.18,1.00,0.92,0.96,0.90,0.95,0.93,0.87,1.10,1.08,0.91,1.13,0.92,0.95,1.13,1.05,0.98
BABY DRIVER,1.46,0.83,0.95,1.10,0.68,0.82,0.97,0.80,1.63,0.93,0.76,0.87,0.72,0.69,0.72,0.83,0.99,0.70
BAD MOMS,0.68,0.84,0.96,0.99,0.82,1.32,1.19,0.94,1.49,0.82,0.85,0.98,0.98,0.94,1.17,0.74,0.85,0.82
BAD SAMARITAN,1.02,0.73,0.83,1.36,0.91,0.94,0.88,1.24,1.42,0.96,0.99,1.11,0.94,0.83,0.96,0.91,0.86,0.82
BAD SANTA 2,0.69,0.78,0.82,0.88,0.83,1.27,0.76,0.82,1.11,0.85,1.08,0.98,1.10,1.01,1.20,0.96,1.08,0.80
BAD WORDS,0.94,0.84,1.01,1.08,0.83,1.09,0.92,0.96,1.86,0.73,0.77,0.97,0.78,0.55,0.90,0.60,0.75,0.61
BAGGAGE CLAIM,0.66,1.07,0.40,0.32,0.27,0.53,0.54,0.66,0.72,0.60,0.58,0.51,0.83,0.56,0.45,1.77,2.93,1.71
BARBERSHOP: THE NEXT CUT,0.54,0.97,0.38,0.35,0.22,0.61,0.51,0.72,0.70,0.70,0.95,0.64,1.02,0.69,0.50,1.79,2.79,2.10
BATMAN V SUPERMAN: DAWN OF JUSTICE,1.01,1.17,0.87,0.75,0.82,0.84,0.84,0.88,0.83,1.13,1.25,0.95,1.15,0.89,0.90,1.32,1.21,1.03
BATMAN: THE KILLING JOKE,,,,,,,,,,,,,,,,,,
BATTLE OF THE SEXES,4.40,0.00,0.32,0.00,0.00,0.00,0.00,0.00,5.54,0.00,0.00,0.00,0.00,0.00,0.00,0.00,0.00,0.00
BATTLE OF THE YEAR,0.76,0.90,0.56,0.71,0.62,0.84,0.63,0.81,0.83,1.06,1.32,0.91,0.87,0.72,0.59,1.73,1.43,1.07
BATTLESHIP,0.89,0.86,0.84,1.04,1.11,0.67,0.80,1.09,0.87,1.23,1.38,1.14,0.89,0.97,0.76,1.23,1.11,1.06
BAYWATCH,0.80,0.82,0.82,0.97,0.77,0.96,0.87,0.97,1.00,0.99,1.09,1.14,0.91,0.93,0.91,1.03,0.89,0.86
BEARS,0.74,0.85,1.08,1.26,1.21,1.62,1.30,1.36,1.37,0.75,0.75,1.32,1.08,1.12,1.18,0.68,0.68,0.84
BEAUTIFUL CREATURES,0.83,0.86,0.84,0.96,1.08,0.98,0.85,0.88,1.22,0.95,1.02,0.96,1.10,1.22,1.01,0.96,1.07,1.16
BEAUTY AND THE BEAST,0.88,0.99,1.00,0.92,1.14,0.98,1.00,0.97,0.93,1.03,1.04,1.09,1.14,1.05,1.07,0.94,0.82,0.95
BEAUTY AND THE BEAST 3D,0.84,1.12,0.96,0.86,0.83,1.39,1.17,0.73,1.07,0.92,1.02,1.24,1.21,1.19,1.11,1.02,0.93,1.03
BEFORE I FALL,0.74,0.79,0.85,0.90,1.11,1.19,1.05,0.86,1.03,0.76,1.05,1.15,1.02,1.11,1.18,0.81,0.78,0.94
BEFORE I GO TO SLEEP,1.03,0.76,0.96,1.26,0.91,1.14,1.06,1.39,2.19,0.75,0.75,0.97,0.89,0.80,0.88,0.73,0.78,0.66
BEN-HUR,0.62,0.69,0.90,1.29,1.16,0.69,0.90,1.20,1.08,1.02,0.99,1.20,0.92,1.15,0.88,0.90,0.87,1.06
BEYOND THE LIGHTS,0.73,0.96,0.51,0.45,0.46,0.75,0.64,0.70,1.02,0.62,0.73,0.61,0.94,0.70,0.62,1.49,2.27,1.43
BIG EYES,1.15,0.76,0.95,1.23,0.77,1.19,1.11,1.10,2.92,0.62,0.60,0.77,0.77,0.70,0.90,0.57,0.69,0.53
BIG HERO 6,1.07,0.83,0.91,1.22,1.13,1.05,1.01,0.74,0.92,1.15,1.23,1.15,0.91,0.83,0.92,0.99,0.74,0.71
BIG MIRACLE,0.65,0.77,1.09,1.09,1.32,1.22,1.23,1.19,1.52,0.74,0.70,1.06,1.00,1.16,1.17,0.65,0.71,0.82
BILLY LYNN'S LONG HALFTIME WALK,1.46,0.77,0.91,1.27,0.80,0.94,0.87,0.85,1.55,0.81,0.83,1.07,0.94,0.81,0.89,0.60,0.74,0.73
BIRTH OF THE DRAGON,0.72,0.78,0.73,1.07,0.86,0.92,0.75,0.85,1.01,1.16,1.48,1.20,0.99,0.85,0.81,1.09,1.03,0.87
BLACK NATIVITY,0.43,0.92,0.36,0.29,0.29,0.60,0.67,0.69,0.58,0.44,0.58,0.46,0.92,0.82,0.50,1.41,2.70,1.80
BLACK OR WHITE,0.53,0.75,0.85,1.25,1.02,0.91,1.01,2.11,1.48,0.65,0.79,1.16,0.99,1.34,1.10,0.80,1.21,1.27
BLACK PANTHER,1.22,1.29,0.89,0.77,0.68,0.88,0.92,0.76,0.95,1.00,0.86,0.76,1.08,0.70,0.78,1.28,1.55,1.16
BLACKHAT,1.29,0.77,0.94,1.15,0.95,1.07,0.91,1.09,2.24,0.89,0.75,0.91,0.74,0.78,0.83,0.85,0.89,0.72
BLACKKKLANSMAN,1.36,0.87,0.71,0.80,0.33,0.87,0.73,0.58,1.99,0.68,0.52,0.47,0.62,0.28,0.48,0.90,1.28,0.58
BLADE RUNNER 2049,2.12,1.03,1.17,0.89,0.80,0.77,0.77,0.68,1.57,0.95,0.51,0.65,0.64,0.46,0.63,0.65,0.77,0.47
BLAIR WITCH,0.87,0.79,0.83,0.79,0.84,1.02,0.66,0.65,0.97,1.03,1.37,0.97,1.07,0.96,0.93,1.09,0.97,0.80
BLEED FOR THIS,0.87,0.81,0.94,1.10,0.94,1.53,0.93,0.81,1.38,0.90,1.37,1.33,0.98,0.90,1.07,0.83,0.75,0.73
BLENDED,0.65,0.68,0.82,1.16,1.11,1.02,0.86,1.18,1.17,0.96,1.21,1.19,0.83,1.08,0.91,0.89,0.73,0.93
BLOCKERS,0.84,0.80,0.95,1.02,0.98,1.04,0.81,0.89,1.15,0.92,1.10,1.00,1.05,0.98,1.25,0.82,0.76,0.80
BLUMHOUSE'S TRUTH OR DARE,0.59,0.89,0.66,0.76,0.83,1.09,0.77,1.04,0.63,0.86,1.36,1.06,1.33,1.29,1.10,1.29,1.20,1.38
BOOK CLUB,0.61,0.75,0.87,1.17,0.84,1.30,1.27,1.92,1.49,0.57,0.57,0.90,1.03,1.13,1.15,0.53,0.64,0.92
BORN IN CHINA,0.87,0.95,1.17,1.27,1.10,1.45,1.35,1.27,1.50,0.76,0.69,1.09,1.01,1.04,1.16,0.58,0.69,0.79
BRAVE,0.92,0.77,1.01,1.19,1.40,0.87,1.03,1.08,0.95,1.08,1.09,1.40,0.81,1.08,0.90,0.89,0.77,0.96
BREAKING IN,0.49,0.97,0.50,0.56,0.41,0.68,0.63,0.99,0.67,0.70,0.97,0.81,1.14,0.82,0.70,1.54,2.27,2.05
BRICK MANSIONS,0.70,0.78,0.67,0.80,0.83,0.99,0.59,0.95,0.81,1.00,1.44,0.93,1.05,0.83,0.85,1.39,1.24,1.02
BRIDGE OF SPIES,1.17,0.70,1.04,1.39,1.11,0.99,1.11,1.43,2.06,0.73,0.51,0.84,0.71,0.72,0.85,0.54,0.66,0.59
BRIDGET JONES'S BABY,1.18,0.69,0.91,1.10,0.68,0.97,1.06,1.12,1.99,0.68,0.51,0.79,0.69,0.70,0.82,0.60,0.71,0.62
BROKEN CITY,0.87,0.94,0.83,0.97,0.78,1.21,0.97,1.43,1.64,0.86,0.84,0.94,0.96,0.94,0.87,1.03,1.15,0.92
BULLET TO THE HEAD,0.66,0.78,0.72,0.89,0.95,1.03,0.75,1.19,1.08,0.95,1.23,1.09,1.04,1.13,0.97,1.07,0.92,1.06
CAPTAIN AMERICA: CIVIL WAR,1.06,1.16,0.97,0.88,1.04,0.90,0.96,0.83,0.92,1.11,1.08,0.94,1.11,0.91,0.93,1.13,1.09,0.95
CAPTAIN AMERICA: THE WINTER SOLDIER,1.11,1.13,1.10,0.93,1.12,0.84,0.85,0.83,0.89,1.14,1.06,0.98,1.04,0.83,0.95,1.11,1.03,0.85
CAPTAIN PHILLIPS,1.15,0.95,0.99,1.12,1.00,1.20,1.23,1.23,1.70,0.85,0.69,0.99,0.84,0.77,0.79,0.79,0.86,0.77
CAPTAIN UNDERPANTS: THE FIRST EPIC MOVIE,0.74,0.78,0.74,0.91,0.67,0.93,1.05,1.20,0.99,0.95,1.31,1.26,0.90,1.03,0.87,1.27,1.09,1.12
CARRIE,0.88,0.89,0.71,0.68,0.70,0.86,0.63,0.64,0.87,1.02,1.37,1.01,1.11,0.92,0.91,1.39,1.29,1.05
CARS 3,0.73,0.70,0.89,1.21,1.17,0.72,1.01,0.92,0.81,1.06,1.27,1.41,0.86,1.21,0.92,0.90,0.78,1.07
CENTRAL INTELLIGENCE,0.69,0.83,0.79,0.96,0.85,0.76,0.87,1.15,0.94,1.01,1.15,1.06,1.01,1.13,0.91,1.17,1.21,1.22
CHAPPAQUIDDICK,0.83,0.85,0.91,1.24,0.91,1.68,1.26,1.82,1.89,0.54,0.44,0.76,0.91,0.91,1.06,0.54,0.65,0.75
CHAPPIE,1.16,0.93,0.99,1.00,0.90,0.81,0.70,0.84,1.19,1.17,1.33,1.07,0.87,0.66,0.74,1.05,0.88,0.68
CHASING MAVERICKS,1.03,0.66,0.86,1.99,1.28,0.86,1.12,1.29,2.50,1.02,0.75,0.98,0.64,0.70,0.68,0.62,0.51,0.63
CHERNOBYL DIARIES,0.76,0.95,0.85,0.91,1.00,1.06,0.89,1.00,0.89,0.99,1.25,1.08,1.15,1.11,1.07,0.94,0.93,0.99
CHIMPANZEE,0.83,0.86,1.09,1.16,0.91,1.34,1.23,1.17,1.54,0.81,0.93,1.30,1.08,1.01,1.26,0.82,0.77,0.87
CHIPS,0.69,0.59,0.93,1.25,1.22,0.86,0.67,0.83,1.13,1.02,1.47,1.25,0.85,0.86,1.14,0.75,0.65,0.67
CHRONICLE,0.96,0.99,0.84,0.87,1.01,0.93,0.77,0.87,0.89,1.07,1.25,1.06,1.15,0.97,0.98,1.14,1.13,1.02
CINDERELLA,0.81,0.87,0.96,0.99,1.24,0.96,1.05,0.87,0.98,1.00,1.13,1.37,0.97,1.17,0.91,0.97,0.84,1.07
CIRQUE DU SOLEIL: WORLDS AWAY,0.94,0.90,1.14,1.01,1.15,1.00,1.04,1.35,1.32,0.92,0.80,1.17,0.86,1.04,0.85,0.84,0.80,0.81
CLOSE ENCOUNTERS THIRD KIND (RE: 2017),1.62,0.89,1.10,1.20,1.04,1.05,0.95,0.79,2.17,0.83,0.67,0.81,0.84,0.78,0.88,0.59,0.73,0.56
CLOSED CIRCUIT,0.99,0.71,0.80,1.07,0.53,0.92,0.94,1.06,2.44,0.62,0.43,0.68,0.60,1.05,0.66,0.58,0.71,0.49
CLOUD ATLAS,1.58,0.85,1.08,0.94,0.94,0.71,0.79,0.91,1.91,0.95,0.57,0.72,0.68,0.61,0.77,0.73,0.84,0.55
CLOUDY WITH A CHANCE OF MEATBALLS 2,0.76,0.75,0.86,1.02,0.99,0.89,0.96,0.84,0.91,1.00,1.34,1.32,0.87,0.95,0.87,1.15,0.89,0.87
COCO,1.22,0.66,0.76,1.41,1.06,0.76,0.82,0.58,0.97,1.42,1.98,1.51,0.74,0.62,0.71,1.21,0.70,0.53
COLLATERAL BEAUTY,0.74,0.72,0.89,1.10,1.15,0.89,0.96,1.06,1.46,0.80,0.91,1.15,0.88,1.07,0.99,0.82,1.07,1.00
COLLIDE,0.76,0.77,0.82,1.22,1.19,1.08,0.88,1.36,1.33,0.85,0.99,1.09,0.95,0.94,0.99,0.90,0.88,0.89
CONCUSSION,0.83,0.88,0.85,0.95,0.82,1.09,1.11,0.92,1.55,0.74,0.74,0.80,0.88,0.77,0.90,0.94,1.43,0.98
CONTRABAND,0.93,0.99,0.82,0.98,0.83,1.04,0.84,1.03,1.09,1.09,1.14,0.96,1.01,0.83,0.84,1.20,1.15,0.91
CRAZY RICH ASIANS,1.85,0.76,0.83,1.32,0.61,0.96,0.93,0.71,1.77,1.11,0.74,0.74,0.55,0.43,0.54,0.77,0.70,0.39
CREED,0.90,1.03,0.69,0.81,0.76,1.05,0.94,0.70,1.04,0.95,1.18,0.98,1.07,0.77,0.80,1.35,1.63,0.99
CRIMINAL,0.69,0.62,0.82,1.37,1.03,0.93,0.93,1.68,1.74,0.89,0.99,1.28,0.80,0.94,0.84,0.89,0.83,0.91
DADDY'S HOME,0.58,0.80,0.80,0.96,0.98,1.00,1.00,0.92,0.86,0.88,1.15,1.09,1.08,1.29,1.24,0.84,0.84,1.03
DADDY'S HOME 2,0.60,0.78,0.81,1.09,1.01,1.28,0.96,0.88,0.85,0.92,1.30,1.16,1.04,0.99,1.18,0.91,0.76,0.74
DARK SHADOWS,0.99,0.84,0.98,1.14,1.04,0.89,0.95,1.18,1.36,0.98,0.99,1.08,1.01,1.23,1.02,0.80,0.83,1.01
DARK SKIES,0.63,0.88,0.77,0.83,0.99,1.07,0.78,0.84,0.88,0.92,1.40,1.07,1.20,1.17,1.06,1.07,1.04,1.09
DAWN OF THE PLANET OF THE APES,1.02,0.91,0.80,0.89,0.74,0.87,0.82,0.90,0.98,1.08,1.29,1.01,0.97,0.76,0.74,1.40,1.25,1.00
DEAD MAN DOWN,0.86,0.93,0.69,0.90,0.66,0.92,0.73,1.10,1.33,0.89,1.03,0.96,0.94,0.72,0.70,1.29,1.53,0.99
DEADPOOL,1.07,1.13,1.05,0.82,0.97,0.89,0.82,0.82,0.82,1.10,1.01,0.93,1.15,0.89,1.04,1.05,1.05,0.94
DEADPOOL 2,0.99,1.08,1.03,0.95,0.86,0.98,0.92,1.02,1.00,1.09,0.97,0.89,1.11,0.87,1.03,1.01,0.96,0.84
DEATH OF A NATION,0.66,0.96,0.97,1.76,1.31,0.99,1.12,1.41,1.31,0.91,0.80,1.10,1.03,1.01,1.12,0.61,0.61,0.90
DEATH WISH,0.56,0.83,0.80,1.13,0.93,0.99,0.89,1.35,0.97,0.91,1.15,1.08,1.14,1.14,1.20,1.01,1.03,1.08
DEEPWATER HORIZON,0.81,0.90,0.96,1.11,1.10,0.97,0.94,1.19,1.14,0.94,1.09,1.34,0.89,0.92,0.96,0.78,0.78,1.06
DELIVER US FROM EVIL,0.89,1.01,0.50,0.66,0.41,1.52,0.69,0.70,0.93,1.01,1.56,0.96,1.05,0.67,0.59,1.61,1.15,0.93
DELIVERY MAN,0.80,0.76,0.91,1.13,1.13,1.07,1.06,1.04,1.61,0.84,0.98,1.17,0.93,1.09,1.13,0.76,0.75,0.87
DEMOLITION,0.91,0.55,0.67,1.00,0.70,0.80,0.65,0.82,2.10,0.52,0.50,0.71,0.55,0.60,0.57,0.51,0.61,0.41
DEN OF THIEVES,0.80,0.93,0.62,0.78,0.59,0.89,0.65,0.82,1.00,0.94,1.10,0.92,0.97,0.60,0.73,1.52,1.80,1.04
DESPICABLE ME 2,0.75,0.79,0.87,1.00,1.12,1.05,1.03,0.90,0.78,0.99,1.28,1.20,0.94,1.13,0.99,1.01,0.81,0.97
DESPICABLE ME 3,0.71,0.75,0.86,0.95,0.93,0.90,1.06,0.95,0.84,0.94,1.22,1.22,0.90,1.09,0.93,1.04,0.87,0.95
DETROIT,0.92,0.90,0.69,0.76,0.47,0.82,0.70,0.72,1.48,0.69,0.76,0.74,0.87,0.51,0.83,1.05,1.91,0.88
DEVIL'S DUE,0.68,0.80,0.63,0.64,0.67,1.05,0.62,0.71,0.68,0.92,1.62,1.09,1.20,1.16,0.96,1.42,1.10,1.12
DIARY OF A WIMPY KID: DOG DAYS,0.65,0.76,0.81,1.08,0.75,1.07,1.26,0.97,1.10,0.77,1.12,1.25,0.97,1.18,1.05,0.87,0.83,0.93
DIARY OF A WIMPY KID: THE LONG HAUL,0.64,0.65,0.87,0.94,0.70,0.90,1.19,0.89,1.12,0.73,1.10,1.17,0.90,1.21,1.09,0.87,0.86,1.01
DIRTY GRANDPA,0.64,0.63,0.93,0.99,1.04,1.02,0.71,1.70,1.33,0.85,0.97,1.08,0.93,0.88,1.30,0.68,0.67,0.80
DISNEY'S CHRISTOPHER ROBIN,0.71,0.73,0.89,1.25,1.05,1.18,1.05,0.98,1.04,0.88,0.91,1.19,0.95,1.22,1.02,0.67,0.67,0.98
DIVERGENT,0.86,0.95,1.24,0.95,1.35,0.94,1.10,1.08,1.00,0.92,0.78,1.04,1.12,1.17,1.23,0.82,0.85,1.01
DJANGO UNCHAINED,1.08,0.98,0.85,0.88,0.61,0.79,0.86,0.84,1.34,0.92,0.78,0.86,0.87,0.75,0.73,1.14,1.63,1.19
DO YOU BELIEVE?,0.38,0.70,0.79,0.95,1.04,0.69,0.76,1.27,0.77,0.71,0.95,1.36,1.07,1.70,1.19,0.73,0.73,1.38
DOCTOR STRANGE,1.43,1.24,1.14,0.89,1.05,0.87,0.85,0.71,1.04,1.10,0.77,0.79,0.92,0.69,0.85,0.97,0.98,0.68
DOG DAYS,0.71,0.79,0.85,1.36,0.83,1.51,1.27,1.12,1.37,0.75,0.81,1.21,0.91,0.92,1.18,0.74,0.65,0.75
DOLPHIN TALE 2,0.53,0.75,0.87,1.09,0.79,1.16,1.37,1.53,1.23,0.70,0.80,1.09,0.99,1.45,1.15,0.80,0.73,1.23
DON JON,1.68,0.93,0.88,1.04,0.70,1.02,0.78,0.75,2.03,1.06,0.82,0.86,0.69,0.49,0.67,0.92,0.76,0.48
DON'T BREATHE,0.84,0.91,0.72,0.69,0.65,0.96,0.67,0.82,0.86,0.96,1.14,0.92,1.14,0.93,0.90,1.37,1.43,1.24
DOPE,1.21,0.81,0.58,0.71,0.51,0.82,0.63,0.70,1.32,0.84,0.91,0.74,0.75,0.58,0.53,1.38,1.87,1.05
DOWNSIZING,0.98,0.76,1.07,1.23,1.04,1.09,1.17,1.07,1.70,0.75,0.62,0.93,0.80,0.80,1.04,0.63,0.79,0.68
DR. SEUSS' THE LORAX,0.77,0.90,1.05,0.89,1.45,1.14,1.07,0.73,0.92,0.91,1.27,1.14,1.13,0.94,1.09,0.96,0.83,0.83
DRACULA UNTOLD,0.98,1.08,0.94,0.84,1.03,0.71,0.71,0.83,0.84,1.22,1.26,1.10,1.01,0.91,0.79,1.22,1.00,0.95
DRAFT DAY,0.76,0.72,1.06,1.36,1.22,1.00,1.12,1.52,1.85,0.79,0.73,1.07,0.99,0.89,1.29,0.61,0.79,0.78
DRAGON BALL Z: RESURRECTION 'F',0.79,0.86,0.70,0.80,0.68,0.65,0.78,0.53,1.59,0.92,1.07,1.33,1.15,0.96,0.79,1.17,1.21,0.80
DREDD,1.30,0.84,0.88,0.88,0.93,0.78,0.65,0.78,1.20,1.14,0.97,0.89,0.80,0.67,0.72,0.97,0.90,0.74
DUMB AND DUMBER TO,0.75,0.75,0.94,0.93,1.32,1.07,0.80,0.74,0.97,0.89,1.27,0.99,1.09,1.10,1.34,0.78,0.69,0.76
DUNKIRK,1.59,1.39,1.21,0.97,0.99,0.92,1.16,0.93,1.21,0.90,0.50,0.79,0.79,0.74,0.87,0.55,0.69,0.65
EARLY MAN,1.22,0.79,1.02,1.30,1.18,1.39,1.09,0.62,1.63,0.77,0.70,0.94,0.75,0.67,0.90,0.81,0.73,0.55
EARTH TO ECHO,0.65,1.09,0.62,0.95,0.88,2.83,1.23,0.86,1.11,0.81,1.00,0.97,1.03,0.79,0.61,1.11,0.78,0.88
EDDIE THE EAGLE,0.75,0.70,1.13,1.26,1.79,1.22,1.22,1.32,1.78,0.67,0.62,1.02,0.91,0.95,1.25,0.52,0.65,0.68
EDGE OF TOMORROW,1.45,1.02,1.22,1.09,1.17,0.65,0.91,0.99,1.21,1.10,0.83,0.98,0.79,0.71,0.79,0.93,0.91,0.82
ELYSIUM,1.56,1.07,1.09,1.03,0.85,0.84,0.87,0.89,1.40,1.11,0.78,0.86,0.71,0.55,0.64,0.91,0.85,0.60
END OF WATCH,1.16,0.82,0.73,1.29,0.77,0.73,0.68,0.80,1.32,1.45,1.80,1.11,0.79,0.53,0.63,1.26,0.91,0.60
ENDER'S GAME,1.49,1.10,1.41,1.11,1.99,0.69,0.93,0.75,1.29,1.13,0.68,1.03,0.78,0.69,0.82,0.73,0.87,0.74
ENDLESS LOVE,0.65,0.89,0.94,0.78,0.98,1.38,1.18,0.80,1.13,0.66,0.75,0.93,1.28,1.57,1.39,0.69,0.76,1.38
ENTOURAGE,1.64,0.95,0.80,1.03,0.47,1.51,1.08,0.91,2.61,0.83,0.61,0.59,0.69,0.39,0.60,0.87,0.95,0.42
EPIC,0.75,0.83,0.87,1.06,1.15,1.11,1.04,0.87,0.89,0.98,1.25,1.29,0.94,1.11,0.94,1.11,0.86,0.99
ESCAPE FROM PLANET EARTH,0.60,0.90,0.78,0.88,0.94,1.48,1.17,0.79,0.94,0.79,1.01,1.01,1.04,0.96,0.96,1.08,0.88,0.79
ESCAPE PLAN,0.69,0.74,0.73,0.92,0.93,0.86,0.69,0.97,1.08,1.00,1.20,1.03,0.97,0.88,0.88,1.09,0.96,0.89
EVEREST (2015),1.37,1.21,1.22,1.10,1.15,0.73,1.00,0.92,1.36,1.05,0.81,0.87,0.68,0.71,0.67,0.74,0.68,0.61
EVERY DAY,0.82,0.87,0.91,1.06,1.20,1.50,1.12,0.91,1.16,0.74,0.96,1.08,1.19,1.24,1.38,0.82,0.74,0.95
"EVERYTHING, EVERYTHING",0.61,0.88,0.80,0.79,0.82,0.97,1.06,1.04,0.82,0.74,1.07,1.10,1.16,1.45,1.20,1.01,1.07,1.44
EVIL DEAD,0.92,0.95,0.81,0.76,0.87,0.95,0.63,0.72,0.80,1.14,1.50,0.98,1.22,1.05,0.98,1.15,1.04,0.98
EXODUS: GODS AND KINGS,0.97,0.85,0.92,1.07,0.99,0.80,0.87,1.00,1.20,1.19,1.32,1.15,0.92,0.84,0.78,1.21,1.00,0.89
EXTREMELY LOUD AND INCREDIBLY CLOSE,0.72,0.76,1.01,1.19,1.21,1.19,1.07,1.24,1.49,0.72,0.74,1.06,1.00,1.26,1.21,0.51,0.70,0.94
FANTASTIC BEASTS AND WHERE TO FIND THEM,1.36,1.01,1.27,0.95,1.40,0.92,1.02,0.77,1.25,0.95,0.63,0.81,0.90,0.82,0.98,0.71,0.83,0.75
FANTASTIC FOUR,0.85,0.83,0.83,0.87,0.90,0.92,0.87,0.88,1.00,1.04,1.11,1.02,0.95,0.83,0.75,1.27,1.22,0.94
FAST & FURIOUS 6,0.85,0.96,0.68,0.86,0.85,0.88,0.73,0.94,0.62,1.25,1.59,1.09,1.08,0.99,0.85,1.59,1.10,1.06
FATHER FIGURES,0.55,0.77,1.03,0.98,0.97,1.04,1.10,1.19,1.38,0.70,0.75,1.13,0.99,1.34,1.41,0.64,0.92,1.05
FENCES,0.83,0.91,0.63,0.87,0.50,0.85,0.88,0.89,1.27,0.65,0.67,0.80,0.86,0.73,0.76,1.10,1.81,1.14
FERDINAND,0.73,0.60,0.88,0.96,1.16,0.70,1.01,0.76,1.00,0.87,1.25,1.35,0.86,1.52,0.98,0.85,0.77,1.18
FIFTY SHADES DARKER,0.82,0.92,0.94,0.68,0.73,1.04,0.82,0.94,1.11,0.86,0.93,0.90,1.22,1.33,1.24,0.97,1.06,1.29
FIFTY SHADES FREED,0.70,0.94,0.95,0.70,0.71,1.21,0.85,0.96,1.06,0.82,0.91,0.97,1.26,1.36,1.29,0.91,1.04,1.32
FIFTY SHADES OF BLACK,0.66,0.86,0.50,0.47,0.40,0.83,0.55,0.69,0.87,0.77,1.06,0.71,1.03,0.77,0.69,1.61,2.05,1.26
FIFTY SHADES OF GREY,1.03,1.05,0.92,0.75,0.73,1.13,0.94,1.03,1.32,0.89,0.87,0.84,1.21,1.07,1.11,1.02,1.09,1.12
FINDING DORY,0.81,0.83,0.93,1.04,1.04,0.95,1.08,1.03,0.90,1.00,1.20,1.19,1.03,1.18,1.02,0.98,0.86,1.11
FINDING NEMO 3D,0.78,1.02,0.87,0.89,0.78,1.26,1.01,0.92,0.97,0.94,1.15,1.34,1.05,1.12,1.02,1.04,0.86,0.99
FIST FIGHT,0.70,0.75,0.75,0.91,0.79,1.04,0.65,0.76,0.99,0.97,1.29,1.10,0.93,0.82,0.90,1.14,1.24,0.90
FLATLINERS,0.78,0.82,0.76,0.97,1.01,0.97,0.77,1.00,0.90,1.03,1.30,1.30,0.97,0.97,0.94,1.15,1.02,0.96
FLIGHT,1.07,0.95,0.92,1.12,0.77,0.88,0.95,1.09,1.57,0.93,0.80,0.82,0.90,0.68,0.86,0.98,1.24,0.83
FLORENCE FOSTER JENKINS,0.85,0.68,0.85,1.00,0.71,1.10,1.13,0.98,1.91,0.46,0.45,0.66,0.74,0.72,0.84,0.45,0.57,0.55
FOCUS,1.06,0.99,0.88,0.91,0.67,0.91,0.83,1.11,1.50,0.93,0.80,0.81,0.85,0.69,0.73,1.15,1.46,0.90
FOREVER MY GIRL,0.46,0.90,0.91,1.27,1.13,0.95,1.12,1.18,1.30,0.65,0.79,1.08,1.42,2.22,1.50,0.52,0.83,1.82
FRANK MILLER'S SIN CITY: A DAME TO KILL,1.43,0.92,0.93,0.87,0.73,0.93,0.71,0.66,1.74,1.01,0.82,0.72,0.81,0.47,0.76,0.90,0.95,0.54
FRANKENWEENIE,1.07,0.89,0.88,1.22,0.93,1.06,0.89,0.72,1.09,1.15,1.43,1.51,0.96,0.84,0.87,0.94,0.73,0.66
FREE BIRDS,0.77,0.83,0.83,0.92,0.93,1.29,1.13,0.71,1.05,0.89,1.24,1.28,1.02,1.12,0.98,1.12,0.89,0.91
FREE FIRE,1.26,0.68,0.87,1.05,0.77,0.88,0.68,0.73,2.23,0.76,0.69,0.75,0.58,0.35,0.68,0.61,0.73,0.47
FREE STATE OF JONES,0.59,0.68,0.93,1.15,1.00,0.85,1.06,1.42,1.44,0.68,0.75,1.11,0.95,1.45,1.13,0.63,0.92,1.44
FRIEND REQUEST,0.64,0.67,0.67,0.72,0.74,0.94,0.60,0.81,0.73,0.86,1.46,1.14,0.99,1.02,0.95,1.19,1.06,0.99
FROZEN,0.75,0.78,1.11,1.15,1.95,0.94,1.28,1.05,0.89,0.97,1.02,1.48,1.02,1.49,1.25,0.79,0.79,1.24
FUN SIZE,0.68,0.70,0.64,0.85,0.80,0.99,0.88,0.73,1.14,0.89,1.51,1.10,0.86,0.83,0.93,1.08,0.73,0.67
FURIOUS 7,1.00,1.08,0.77,0.78,0.85,0.86,0.73,0.88,0.75,1.22,1.45,0.98,1.11,0.91,0.81,1.49,1.12,1.01
FURY,1.10,0.80,1.08,1.21,1.02,0.96,0.93,0.95,1.32,1.10,0.98,1.03,0.97,0.76,0.97,0.74,0.74,0.72
G.I. JOE: RETALIATION,0.80,0.98,0.81,0.84,0.91,0.67,0.71,0.94,0.69,1.13,1.26,1.01,1.00,1.01,0.82,1.29,1.11,1.03
GAME NIGHT,0.97,0.77,1.03,1.25,1.09,1.04,1.02,1.00,1.48,0.79,0.73,0.97,0.92,0.82,1.15,0.64,0.78,0.68
GANGSTER SQUAD,1.13,0.88,0.89,1.07,0.74,0.93,0.79,0.90,1.44,1.07,1.03,1.00,0.89,0.76,0.85,0.84,0.91,0.70
GEOSTORM,0.85,0.90,0.91,0.85,0.92,0.73,0.72,0.98,0.86,1.16,1.40,1.17,0.94,0.74,0.85,1.18,0.90,0.70
GET HARD,0.76,0.96,0.82,0.80,0.76,1.04,0.75,0.93,1.04,0.94,1.09,0.90,1.20,0.91,1.02,1.16,1.38,1.07
GET ON UP,0.84,1.03,0.57,0.63,0.31,0.73,0.84,0.85,1.12,0.68,0.68,0.61,0.94,0.73,0.54,1.36,2.50,1.68
GET OUT,1.13,1.09,0.75,0.60,0.46,0.83,0.70,0.68,0.99,0.88,0.84,0.76,1.10,0.70,0.78,1.36,1.95,1.36
GETAWAY,0.75,0.73,0.68,0.98,0.93,1.14,0.82,1.02,1.10,0.93,1.29,1.18,0.93,1.14,0.87,1.15,0.98,1.02
GHOST IN THE SHELL,1.45,1.03,1.07,0.87,0.95,0.73,0.69,0.85,1.10,1.16,0.83,0.86,0.80,0.57,0.73,0.99,0.96,0.64
GHOST RIDER: SPIRIT OF VENGEANCE,0.63,0.84,0.69,0.67,1.01,0.89,0.62,0.79,0.55,1.01,1.51,1.09,1.14,1.23,0.97,1.36,1.13,1.19
GHOSTBUSTERS,1.07,0.85,0.99,0.87,0.95,0.91,0.95,0.90,1.10,0.92,0.96,1.02,0.93,0.93,0.96,0.89,0.98,0.88
GHOSTBUSTERS (1984 ORIGINAL),0.70,1.13,1.12,1.10,0.76,1.06,1.12,1.06,2.50,0.80,0.73,1.13,1.12,0.95,1.48,0.64,0.88,0.93
GIFTED,1.90,1.09,0.85,0.93,1.08,0.94,0.99,0.75,2.70,0.50,0.51,0.89,0.45,0.16,0.55,0.60,0.52,0.47
GIRLS TRIP,0.74,1.04,0.52,0.42,0.28,0.62,0.62,0.74,0.74,0.74,0.83,0.79,0.99,0.78,0.62,1.51,2.59,1.88
GOD BLESS THE BROKEN ROAD,0.41,0.71,0.79,1.29,1.10,0.81,0.94,1.29,0.83,0.69,0.86,1.35,1.15,1.79,1.49,0.52,0.70,1.39
GOD'S NOT DEAD 2,0.30,0.66,0.75,0.88,0.85,0.60,0.86,1.25,0.59,0.65,1.01,1.34,1.16,2.55,1.31,0.65,0.75,2.06
GOD'S NOT DEAD: A LIGHT IN DARKNESS,0.43,0.71,0.79,1.01,0.95,0.75,0.87,1.33,0.82,0.66,0.88,1.27,1.11,1.81,1.41,0.60,0.70,1.33
GODS OF EGYPT,0.75,0.82,0.81,0.78,1.05,0.81,0.64,0.89,0.91,1.10,1.28,1.08,0.90,0.85,0.83,1.30,1.08,0.93
GODZILLA,1.25,1.27,1.12,0.87,0.86,0.93,0.88,0.81,0.85,1.17,1.13,0.94,1.02,0.76,0.86,1.06,0.95,0.79
GOING IN STYLE,0.57,0.67,0.90,1.31,1.28,0.97,0.98,1.67,1.36,0.67,0.68,1.06,0.90,1.09,1.18,0.55,0.68,0.82
GOLD (2017),0.80,0.59,0.93,1.21,1.02,0.95,0.94,1.71,2.13,0.68,0.64,1.07,0.74,0.81,0.92,0.59,0.60,0.68
GONE,0.65,0.80,0.80,0.93,1.26,1.23,0.93,1.13,1.11,0.74,0.97,1.02,1.09,1.14,1.07,0.84,0.89,1.08
GONE GIRL,1.49,1.02,1.09,0.99,0.64,1.32,1.23,1.03,1.95,0.72,0.55,0.72,0.95,0.69,1.06,0.67,0.92,0.64
GRAVITY,1.81,1.37,1.27,1.03,0.94,0.86,1.00,0.99,1.45,1.04,0.68,0.89,0.80,0.63,0.80,0.77,0.85,0.61
GRINGO,1.02,0.69,0.86,1.60,0.93,0.83,0.86,1.27,1.58,0.96,1.13,1.17,0.75,0.66,0.83,0.87,0.82,0.61
GROWN UPS 2,0.55,0.85,0.71,0.90,0.80,1.25,0.99,1.16,0.80,0.92,1.33,1.18,1.04,1.31,1.04,1.08,0.83,1.18
GRUDGE MATCH,0.55,0.80,0.77,0.95,0.96,1.16,0.89,1.10,1.02,0.89,1.23,1.22,1.12,1.11,1.10,1.03,1.07,1.14
GUARDIANS OF THE GALAXY,1.23,1.12,1.15,0.97,1.07,0.94,0.98,0.86,0.99,1.07,0.89,0.94,0.97,0.79,0.92,0.92,0.89,0.84
GUARDIANS OF THE GALAXY VOL. 2,1.08,1.05,1.15,0.96,1.22,0.91,0.93,0.86,1.01,1.06,0.82,0.95,1.03,0.90,1.01,0.80,0.89,0.82
HACKSAW RIDGE,0.70,0.74,0.98,1.30,1.25,0.94,0.99,1.22,1.26,0.85,0.96,1.18,1.09,1.25,1.18,0.60,0.70,0.94
"HAIL, CAESAR!",1.61,0.72,1.03,1.02,0.92,0.82,0.91,1.15,2.33,0.60,0.39,0.62,0.64,0.58,0.75,0.46,0.67,0.47
HANDS OF STONE,1.09,1.01,0.51,1.29,0.30,1.27,0.71,0.85,2.13,1.15,1.62,1.26,0.64,0.14,0.26,1.59,1.21,0.25
HANSEL AND GRETEL: WITCH HUNTERS,0.77,0.86,0.88,0.82,1.06,0.70,0.61,0.78,0.76,1.13,1.27,1.09,0.90,0.89,0.79,1.01,0.91,0.90
HAPPY DEATH DAY,0.75,0.89,0.82,0.81,0.94,0.94,0.84,0.86,0.70,0.98,1.36,1.11,1.27,1.13,1.17,1.27,1.11,1.11
HARDCORE HENRY,1.01,0.87,0.92,0.91,0.89,1.00,0.72,0.85,1.36,0.99,1.00,0.84,1.00,0.78,0.99,0.99,1.00,0.76
HAYWIRE,1.25,0.83,0.88,1.12,0.92,0.77,0.88,1.03,1.71,0.94,0.82,0.97,0.81,0.85,0.78,0.91,1.01,0.82
HEAVEN IS FOR REAL,0.39,0.61,0.86,1.02,1.00,0.88,0.95,1.26,0.92,0.73,1.13,1.37,1.06,1.80,1.31,0.74,0.74,1.57
HER,1.46,0.72,0.89,0.88,0.65,0.90,0.84,0.76,2.38,0.68,0.57,0.70,0.66,0.47,0.68,0.58,0.70,0.45
HERCULES,0.87,0.92,0.83,0.86,0.85,0.75,0.74,0.88,0.82,1.13,1.22,1.07,0.88,0.86,0.75,1.22,0.98,0.96
HERE COMES THE BOOM,0.58,0.75,0.86,1.02,1.28,0.97,0.89,0.93,0.89,1.02,1.39,1.36,0.99,1.14,1.06,0.91,0.77,0.94
HEREDITARY,1.23,0.86,0.91,1.00,0.73,0.99,0.87,0.80,1.39,0.98,1.07,0.96,0.94,0.79,0.91,0.86,0.93,0.75
HIDDEN FIGURES,1.06,0.86,0.97,1.15,0.83,0.70,0.97,1.16,1.39,0.85,0.75,0.90,0.92,0.83,0.94,0.96,1.56,0.97
HILLARY'S AMERICA: THE SECRET HISTORY OF THE DEMOC,0.62,0.72,1.07,1.75,1.45,0.87,1.14,1.38,1.77,0.79,0.82,1.23,0.92,1.17,1.21,0.51,0.62,0.93
HILLSONG - LET HOPE RISE,1.00,0.82,1.03,1.40,0.92,0.77,0.96,1.16,1.25,1.10,0.97,1.27,0.86,0.94,0.86,0.93,0.70,0.83
HIT AND RUN,0.73,0.74,0.93,1.10,1.05,0.92,0.85,1.14,1.44,0.85,0.88,1.01,0.85,0.94,0.98,0.75,0.75,0.83
HITMAN: AGENT 47,0.87,0.78,0.72,0.85,0.74,0.95,0.68,0.88,1.14,1.08,1.07,0.82,0.80,0.66,0.64,1.27,1.16,0.78
HOME,0.62,0.89,0.79,0.80,0.99,1.10,1.03,0.93,0.79,0.83,1.20,0.99,1.25,1.17,1.15,1.20,1.08,1.10
HOME AGAIN,0.75,0.71,1.03,1.36,1.30,1.02,1.20,0.62,1.58,0.69,0.70,1.13,0.98,1.32,1.22,0.44,0.70,1.01
HOMEFRONT,0.69,0.74,0.75,0.97,0.91,1.01,0.81,1.10,1.12,0.87,1.23,1.13,1.00,1.09,0.95,1.04,0.90,0.96
HOPE SPRINGS,0.69,0.72,0.96,1.28,0.98,1.21,1.17,1.40,1.66,0.62,0.58,1.14,0.88,1.20,1.09,0.54,0.68,0.93
HORRIBLE BOSSES 2,0.87,0.88,0.96,1.10,0.89,1.19,0.98,0.85,1.46,0.91,0.97,0.99,1.02,0.75,1.06,0.89,0.94,0.69
HOSTILES,0.50,0.64,0.98,1.53,1.56,0.94,0.95,1.69,1.10,0.67,0.77,1.20,0.96,1.42,1.25,0.42,0.64,1.12
HOT PURSUIT,0.68,0.61,0.89,1.26,1.21,0.82,0.92,1.26,1.49,0.95,1.35,1.36,0.86,1.12,0.97,0.85,0.75,0.96
HOT TUB TIME MACHINE 2,0.90,0.77,0.88,0.93,0.86,1.14,0.68,0.78,1.46,1.00,1.15,0.90,0.96,0.73,0.94,0.97,1.03,0.76
HOTEL ARTEMIS,1.02,0.81,0.88,1.32,0.88,0.80,0.87,1.13,1.33,1.00,1.00,1.01,0.94,0.80,0.93,0.99,1.04,0.86
HOTEL TRANSYLVANIA,0.68,0.78,0.75,1.04,0.99,1.07,0.97,0.80,0.92,1.04,1.44,1.31,0.97,1.11,0.88,1.16,0.79,0.94
HOTEL TRANSYLVANIA 2,0.65,0.66,0.71,1.02,1.05,0.84,0.89,0.82,0.81,1.06,1.70,1.24,0.94,1.09,0.79,1.29,0.83,0.90
HOTEL TRANSYLVANIA 3: SUMMER VACATION,0.54,0.68,0.73,1.02,0.90,0.89,0.95,1.01,0.78,0.92,1.39,1.30,0.93,1.17,0.95,1.08,0.80,1.01
HOW TO BE A LATIN LOVER,0.73,0.48,0.49,0.89,0.63,0.37,0.51,0.55,0.73,1.19,2.50,1.18,0.58,0.56,0.50,1.42,0.61,0.35
HOW TO BE SINGLE,1.10,0.79,1.01,0.87,0.88,1.11,0.89,0.72,1.67,0.80,0.71,0.81,0.85,0.83,1.03,0.64,0.84,0.73
HOW TO TRAIN YOUR DRAGON 2,0.88,0.79,1.12,1.12,1.56,0.74,0.99,0.96,0.93,0.99,1.02,1.20,0.85,1.05,0.96,0.84,0.75,0.94
I CAN ONLY IMAGINE,0.31,0.77,0.98,0.79,1.11,0.62,0.98,1.49,0.35,0.72,0.96,1.52,1.29,2.58,1.80,0.58,0.70,2.10
I FEEL PRETTY,1.11,0.67,0.97,1.21,1.11,1.01,0.93,1.06,1.59,0.85,0.93,1.01,0.83,0.79,1.04,0.64,0.67,0.61
"I, FRANKENSTEIN",0.92,0.92,0.93,0.81,1.08,0.78,0.64,0.90,0.90,1.12,1.22,1.12,0.86,0.80,0.77,1.15,0.97,0.88
ICE AGE: COLLISION COURSE,0.62,0.69,0.72,0.85,0.76,0.82,0.89,0.94,0.81,0.94,1.39,1.13,0.80,1.05,0.82,1.33,0.85,0.92
ICE AGE: CONTINENTAL DRIFT,0.67,0.78,0.77,0.92,0.95,0.93,0.97,1.01,0.74,0.98,1.45,1.25,0.90,1.19,0.89,1.26,0.90,1.04
IDENTITY THIEF,0.71,0.76,0.98,1.11,1.14,0.68,0.85,1.11,1.02,1.01,1.18,1.21,1.10,1.22,1.25,0.81,0.91,1.04
IF I STAY,0.62,0.77,0.84,1.03,1.09,1.38,1.10,0.78,0.96,0.78,1.10,1.08,1.13,1.23,1.28,0.75,0.63,1.02
IN THE HEART OF THE SEA,0.93,0.97,1.13,1.13,1.34,1.00,0.99,1.20,1.29,0.95,0.76,0.98,0.88,0.90,0.89,0.71,0.72,0.81
INCARNATE,0.68,0.80,0.68,0.67,0.73,0.96,0.65,0.76,0.78,0.88,1.46,1.18,1.06,1.09,0.97,1.24,1.21,1.12
INCREDIBLES 2,0.92,0.94,0.97,1.08,1.07,0.78,1.06,1.03,0.84,1.09,1.24,1.18,1.05,1.08,1.00,1.07,0.97,1.11
INDEPENDENCE DAY: RESURGENCE,0.96,0.95,1.02,0.95,1.05,0.78,0.85,1.00,1.01,1.14,1.09,1.00,0.91,0.82,0.86,1.03,1.00,0.87
INFERNO,1.10,0.88,1.05,1.18,1.15,1.01,1.02,1.18,1.45,0.93,0.68,0.88,0.78,0.60,0.84,0.79,0.72,0.59
INSIDE OUT,0.99,0.82,0.91,1.11,1.12,0.99,1.18,0.93,1.11,0.97,1.08,1.23,0.96,1.07,0.98,0.99,0.88,0.93
INSIDIOUS: CHAPTER 2,0.75,0.96,0.72,0.79,0.77,0.93,0.76,0.87,0.69,1.10,1.51,1.05,1.27,1.06,0.99,1.40,1.19,1.19
INSIDIOUS: CHAPTER 3,0.70,0.86,0.62,0.78,0.68,0.82,0.73,0.94,0.69,1.12,1.73,1.13,1.09,1.05,0.85,1.44,1.26,1.28
INSIDIOUS: THE LAST KEY,0.66,0.87,0.67,0.83,0.70,0.84,0.74,0.85,0.70,1.13,1.72,1.16,1.17,1.02,0.95,1.33,1.17,1.22
INTERSTELLAR,1.91,1.44,1.33,0.97,1.02,0.75,0.92,0.79,1.21,1.08,0.63,0.77,0.73,0.54,0.70,0.71,0.77,0.55
"INTERVIEW WITH GOD, AN",,,,,,,,,,,,,,,,,,
INTO THE STORM,0.55,0.74,0.78,0.76,0.76,0.95,0.85,0.98,0.83,0.83,1.32,1.16,1.10,1.38,1.08,1.01,0.92,1.22
INTO THE WOODS,0.92,1.00,1.04,1.15,1.33,1.20,1.27,0.93,1.32,0.86,0.73,1.00,1.07,1.00,1.13,0.75,0.83,0.85
IRON MAN 3,1.05,1.12,1.02,0.93,1.02,0.83,0.94,0.92,0.87,1.12,1.13,1.06,0.99,1.00,0.91,1.12,1.05,0.98
IT,0.92,0.94,0.96,0.85,0.92,0.97,0.79,0.42,0.78,1.09,1.40,1.07,1.27,1.15,1.08,0.94,1.03,1.08
IT COMES AT NIGHT,1.09,0.80,0.91,0.90,0.84,0.88,0.84,0.82,1.50,0.90,1.00,1.09,0.90,0.93,0.92,0.84,1.03,0.95
IT FOLLOWS,1.04,0.96,0.92,0.82,0.92,1.11,0.80,0.79,2.13,0.81,0.90,0.81,1.03,0.78,0.89,0.75,0.95,0.78
JACK REACHER,0.89,0.81,0.97,1.20,1.22,0.79,1.04,1.21,1.32,0.98,0.93,1.03,0.87,0.99,0.92,0.91,0.94,0.96
JACK REACHER: NEVER GO BACK,0.83,0.83,1.03,1.20,1.37,0.83,0.94,1.14,1.10,0.94,0.76,0.97,0.89,0.86,0.93,0.80,0.81,0.80
JACK RYAN: SHADOW RECRUIT,1.03,0.94,1.19,1.18,1.40,0.80,1.10,1.35,1.50,0.87,0.59,0.97,0.74,0.82,0.79,0.70,0.80,0.77
JACK THE GIANT SLAYER,0.77,0.96,0.99,0.88,1.32,0.82,0.79,0.88,0.80,1.01,1.01,1.08,0.97,0.99,0.91,0.98,0.94,0.95
JACKASS PRESENTS: BAD GRANDPA,0.79,0.86,0.82,0.91,0.90,0.98,0.73,0.80,0.84,1.08,1.41,1.14,1.17,1.06,1.12,1.08,0.95,0.91
JANE GOT A GUN,0.76,0.62,1.04,1.65,1.39,0.85,0.86,1.53,1.85,0.88,0.98,1.36,0.87,1.21,1.06,0.63,0.75,0.92
JASON BOURNE,1.04,0.89,1.02,1.08,1.12,0.98,1.13,1.03,1.20,0.90,0.68,0.87,0.88,0.87,0.90,0.88,0.93,0.81
JERSEY BOYS,0.76,0.84,0.92,1.25,0.69,1.44,1.33,1.84,1.86,0.66,0.63,0.90,1.04,0.89,1.12,0.72,0.65,0.80
JIGSAW,0.74,0.99,0.82,0.63,0.68,1.03,0.68,0.80,0.73,0.98,1.20,0.94,1.21,0.96,1.07,1.28,1.26,0.99
JOBS,1.36,0.84,0.91,1.15,0.80,1.09,1.16,1.06,2.37,0.83,0.65,0.94,0.71,0.70,0.75,0.76,0.71,0.62
JOHN CARTER,1.10,1.00,1.06,0.91,1.36,0.70,0.76,1.00,0.85,1.20,1.04,1.18,0.86,0.88,0.76,1.08,0.91,0.86
JOHN WICK,1.30,1.05,0.97,0.97,0.80,0.76,0.75,0.88,1.38,1.14,0.96,0.94,0.82,0.60,0.72,1.06,1.04,0.70
JOHN WICK: CHAPTER TWO,1.07,0.85,0.89,0.99,0.84,0.70,0.78,0.93,1.13,1.09,1.06,0.94,0.94,0.86,0.91,1.01,1.14,0.92
JOURNEY 2: THE MYSTERIOUS ISLAND,0.73,0.97,0.88,0.90,1.08,0.89,0.94,0.93,0.71,1.01,1.28,1.14,1.06,1.16,0.94,1.14,0.84,0.99
JOY,0.97,0.87,1.03,1.19,0.87,1.24,1.35,1.30,1.88,0.62,0.47,0.78,0.88,0.84,1.07,0.55,0.71,0.63
JOYFUL NOISE,0.48,0.75,0.81,0.83,0.86,0.77,0.99,1.21,0.86,0.67,0.71,1.02,1.16,1.99,1.10,0.80,1.32,1.85
JUMANJI: WELCOME TO THE JUNGLE,0.66,0.90,0.85,1.07,1.22,0.76,1.04,1.06,0.75,0.95,1.16,1.13,1.07,1.25,1.03,1.07,0.97,1.16
JUPITER ASCENDING,1.09,0.94,1.20,0.98,1.38,0.70,0.81,0.97,1.23,1.04,0.84,0.89,0.90,0.74,0.87,0.85,0.92,0.79
JURASSIC PARK 3D,1.33,1.42,1.37,0.77,1.06,0.85,0.80,0.78,0.83,1.11,0.79,0.89,0.94,0.78,0.96,0.77,0.80,0.75
JURASSIC WORLD,1.02,1.10,1.07,0.95,1.05,0.84,0.98,1.05,0.84,1.14,1.16,1.08,1.06,0.97,0.99,1.04,0.96,0.95
JURASSIC WORLD: FALLEN KINGDOM,0.76,1.00,0.93,0.96,0.96,0.94,0.94,1.18,0.75,1.10,1.28,1.11,1.09,1.16,1.05,1.08,0.90,1.05
JUST GETTING STARTED,0.44,0.53,0.88,1.57,1.26,0.71,0.91,2.42,1.41,0.70,0.75,1.35,0.94,1.30,1.30,0.55,0.68,1.01
JUSTICE LEAGUE,1.00,1.12,0.98,0.86,1.01,0.84,0.90,0.87,0.84,1.18,1.17,1.09,1.03,0.91,0.90,1.18,1.11,0.96
JUSTIN BIEBER'S BELIEVE,0.83,1.02,0.91,0.92,0.75,1.44,1.30,0.74,0.97,0.85,1.18,1.12,1.36,1.04,1.10,0.98,0.79,0.81
KATY PERRY: PART OF ME,0.79,0.77,0.85,1.23,0.75,1.20,1.33,0.87,1.40,0.83,1.18,1.28,0.86,0.96,0.97,0.80,0.69,0.76
KEANU,1.31,0.81,0.86,0.89,0.71,0.98,0.78,0.71,1.65,0.90,0.88,0.81,0.91,0.70,0.88,0.94,1.17,0.73
KEEPING UP WITH THE JONESES,0.77,0.68,0.96,1.02,1.27,1.07,0.92,0.91,1.67,0.71,0.72,0.87,0.82,0.81,1.02,0.60,0.69,0.62
KEVIN HART: LET ME EXPLAIN,0.58,0.93,0.49,0.38,0.23,0.64,0.60,0.74,0.89,0.60,0.67,0.55,0.91,0.87,0.65,1.39,2.08,1.38
KEVIN HART: WHAT NOW?,0.79,1.03,0.54,0.50,0.37,0.87,0.55,0.72,0.91,0.84,0.94,0.65,1.06,0.55,0.59,1.75,2.36,1.15
KICK-ASS 2,1.17,0.89,0.78,0.94,0.71,0.89,0.68,0.68,1.08,1.23,1.31,0.95,0.88,0.60,0.74,1.22,0.95,0.66
KIDNAP,0.58,0.73,0.60,0.93,0.66,0.96,0.74,1.01,0.88,0.89,1.49,1.26,1.01,1.01,0.89,1.32,1.12,1.13
KILLING THEM SOFTLY,1.13,0.81,0.86,1.18,0.87,1.04,0.85,1.06,2.09,0.89,0.84,0.94,0.81,0.66,0.79,0.85,0.92,0.62
KIN,0.81,0.89,0.80,1.09,1.07,0.78,0.79,1.07,1.10,0.98,1.11,1.09,0.88,0.84,0.83,1.11,1.08,0.87
KING ARTHUR: LEGEND OF THE SWORD,0.91,0.74,0.90,1.04,1.24,0.83,0.77,0.89,1.22,1.02,0.91,1.15,0.83,0.83,0.77,0.82,0.88,0.88
KINGSMAN: THE GOLDEN CIRCLE,1.19,0.95,1.08,0.98,0.87,0.81,0.88,0.89,1.19,1.06,0.80,0.92,0.86,0.68,0.88,0.89,0.98,0.75
KINGSMAN: THE SECRET SERVICE,1.15,0.96,1.00,1.09,0.96,0.80,0.93,1.07,1.29,1.02,0.80,0.85,0.92,0.70,0.85,0.96,1.07,0.84
KONG: SKULL ISLAND,0.90,1.02,0.96,0.79,0.88,0.83,0.78,1.02,0.76,1.11,1.32,1.17,1.03,0.91,0.92,1.15,1.05,0.97
KRAMPUS,0.72,0.84,0.81,0.75,1.07,1.06,0.81,0.76,0.87,0.94,1.36,1.06,1.23,1.30,1.12,1.02,1.03,1.12
KUBO AND THE TWO STRINGS,1.46,0.81,0.94,1.05,0.86,0.88,0.93,0.64,1.36,1.15,0.98,0.99,0.70,0.64,0.71,1.08,0.87,0.57
KUNG FU PANDA 3,1.01,0.82,0.85,1.04,1.10,0.87,0.92,0.62,0.91,1.08,1.30,1.04,0.83,0.81,0.77,1.16,0.91,0.72
LABOR DAY,0.65,0.61,0.83,1.25,0.97,1.14,1.01,1.54,1.75,0.65,0.78,0.99,0.85,1.18,0.96,0.60,0.65,0.99
LAST OUNCE OF COURAGE,0.55,0.63,1.00,1.45,1.08,0.79,0.86,1.85,1.13,0.75,0.72,1.36,0.88,1.41,1.09,0.48,0.70,1.54
LAST VEGAS,0.67,0.74,0.91,1.20,0.96,1.25,1.03,1.54,1.59,0.85,0.79,1.11,0.99,1.00,1.17,0.73,0.76,0.81
LAWLESS,0.92,0.73,0.96,1.22,1.00,0.78,0.89,0.95,1.57,0.90,0.94,1.18,0.92,1.23,0.98,0.66,0.82,0.92
LEAP!,0.81,0.82,0.90,1.10,0.97,1.26,1.20,0.93,1.61,0.71,0.81,1.08,0.82,0.87,0.93,0.86,0.75,0.82
LEE DANIELS' THE BUTLER,0.90,0.96,0.72,0.81,0.54,0.92,0.95,0.98,1.43,0.63,0.59,0.70,0.89,0.77,0.72,1.06,1.85,1.14
LEFT BEHIND,0.49,0.61,0.84,1.17,1.02,0.76,0.88,1.39,0.85,0.82,1.12,1.38,1.11,1.72,1.17,0.85,0.80,1.48
LEGENDS OF OZ: DOROTHY'S RETURN,0.73,0.73,0.79,1.01,0.90,1.14,1.06,0.90,1.35,0.84,1.13,1.10,1.00,1.24,1.02,1.09,0.94,1.03
LES MISERABLES,1.17,1.00,1.17,1.16,1.60,1.13,1.28,1.06,1.71,0.81,0.49,0.80,0.89,0.81,0.95,0.59,0.73,0.71
LET'S BE COPS,0.85,0.88,0.75,0.94,0.75,0.98,0.77,0.77,0.95,1.08,1.40,1.04,0.98,0.84,0.94,1.18,0.98,0.88
LIFE,1.29,0.86,1.04,1.09,0.98,0.92,0.81,0.88,1.33,1.05,0.87,0.98,0.80,0.61,0.84,0.88,0.91,0.61
LIFE OF PI,1.38,0.93,1.10,1.21,1.05,1.01,1.08,1.00,1.74,0.89,0.66,0.92,0.75,0.63,0.82,0.75,0.74,0.59
LIFE OF THE PARTY,0.72,0.73,0.96,1.24,1.07,1.12,1.04,1.23,1.36,0.77,0.83,1.03,1.06,0.94,1.29,0.61,0.67,0.78
LIGHTS OUT,0.69,0.84,0.73,0.82,0.87,0.94,0.85,0.89,0.79,0.98,1.36,1.18,1.15,1.23,1.05,1.13,1.08,1.19
LIKE ARROWS,0.00,0.00,8.79,0.00,0.00,0.00,0.00,0.00,0.00,0.00,0.00,0.00,0.00,0.00,0.00,0.00,0.00,0.00
LINCOLN,1.14,0.95,1.16,1.17,1.05,1.06,1.23,1.20,1.86,0.69,0.55,0.79,0.98,0.95,1.16,0.55,0.82,0.73
LITTLE BOY,0.93,0.49,1.01,1.16,1.15,0.82,0.81,1.10,1.86,1.24,1.25,1.22,0.76,0.68,0.77,0.86,0.76,0.58
LIVE BY NIGHT,0.81,0.74,0.83,1.13,0.77,1.17,0.88,1.25,1.86,0.78,0.81,0.97,0.81,0.75,0.91,0.76,0.85,0.76
LOCKOUT,0.95,0.81,0.88,1.13,1.32,0.86,0.81,1.08,1.16,1.04,1.10,1.08,0.91,0.87,0.86,1.03,0.97,0.90
LOGAN,1.17,1.11,0.98,0.84,0.85,0.87,0.79,0.77,0.95,1.14,1.11,0.92,1.02,0.77,0.88,1.10,1.07,0.83
LOGAN LUCKY,1.15,0.71,1.01,1.21,1.28,0.89,1.04,0.97,1.97,0.68,0.53,0.85,0.71,0.98,0.86,0.45,0.68,0.70
LONDON HAS FALLEN,0.77,0.84,0.78,0.86,0.72,0.97,0.86,1.14,1.14,0.93,1.04,0.92,0.97,0.93,0.88,1.19,1.18,0.92
LONE SURVIVOR,0.70,0.91,1.10,1.11,1.33,1.08,1.14,1.13,1.12,0.98,1.05,1.40,1.13,1.31,1.18,0.72,0.83,1.17
LOOPER,1.64,0.93,0.94,1.09,0.89,0.82,0.80,0.75,1.53,1.08,0.81,0.85,0.73,0.60,0.66,0.90,0.88,0.60
LOVE THE COOPERS,0.49,0.71,0.94,1.02,1.06,1.37,1.08,1.39,1.34,0.61,0.68,0.96,1.14,1.40,1.45,0.56,0.73,1.01
"LOVE, SIMON",1.26,0.84,0.97,1.15,0.92,1.22,1.08,0.95,1.43,0.87,1.02,0.98,1.00,0.86,1.17,0.76,0.74,0.65
LUCY,1.10,0.93,0.88,0.97,0.75,0.88,0.83,1.02,1.24,1.05,0.99,0.96,0.91,0.79,0.76,1.25,1.14,0.92
MACHETE KILLS,1.14,0.83,0.66,0.85,0.63,0.90,0.65,0.75,1.37,1.16,1.51,0.99,0.88,0.61,0.66,1.49,1.03,0.67
MAD MAX: FURY ROAD,1.65,0.82,1.10,1.01,1.07,0.84,0.83,0.76,1.52,1.02,0.85,0.84,0.81,0.66,0.78,0.79,0.89,0.65
MADAGASCAR 3: EUROPE'S MOST WANTED,0.70,0.73,0.71,0.89,0.84,0.79,0.98,1.06,0.86,0.94,1.42,1.26,0.81,1.16,0.76,1.26,0.95,1.15
MAGIC MIKE,0.80,0.80,0.97,0.86,0.93,0.85,1.03,1.18,1.38,0.83,0.93,1.14,1.05,1.56,1.23,0.66,0.88,1.38
MAGIC MIKE XXL,0.81,0.79,0.86,0.89,0.74,0.97,0.92,1.05,1.56,0.83,0.88,0.92,0.99,1.31,0.96,0.76,0.98,1.21
MALEFICENT,1.03,0.85,0.92,1.15,1.13,0.74,0.85,1.03,0.97,1.31,1.39,1.30,0.85,0.98,0.76,1.14,0.85,1.03
MAMA,0.74,0.89,0.69,0.75,0.86,0.92,0.76,0.80,0.63,1.07,1.67,1.13,1.27,1.30,1.04,1.42,1.09,1.22
MAMMA MIA! HERE WE GO AGAIN,0.81,0.85,1.05,1.15,1.21,1.39,1.33,1.30,1.32,0.69,0.49,0.90,0.97,0.88,1.18,0.56,0.63,0.76
MAN FROM U.N.C.L.E.,1.27,0.82,1.03,1.26,1.15,0.86,1.00,1.02,1.77,0.87,0.56,0.88,0.66,0.63,0.69,0.63,0.69,0.59
MAN OF STEEL,1.17,1.19,1.01,0.95,1.02,0.80,0.95,0.98,0.93,1.16,1.06,1.01,0.97,0.91,0.80,1.15,1.06,0.97
MAN ON A LEDGE,0.99,0.89,0.85,1.00,1.15,1.07,0.95,0.94,1.36,0.90,0.90,0.94,0.87,0.91,0.86,1.06,0.92,0.86
MARSHALL,0.88,0.91,0.71,0.77,0.61,0.66,0.89,0.90,1.36,0.59,0.54,0.67,0.64,0.69,0.64,0.89,1.81,0.94
MASTERMINDS,0.82,0.71,0.88,1.01,1.18,1.02,0.92,0.93,1.66,0.75,0.90,1.01,0.91,1.20,1.03,0.79,0.85,0.87
MAX,0.45,0.64,0.82,1.19,1.08,1.07,1.11,1.32,1.06,0.77,1.13,1.39,1.09,1.66,1.25,0.68,0.70,1.30
MAX STEEL,0.69,0.68,0.77,1.06,1.19,0.74,0.70,0.96,0.96,1.00,1.31,1.24,0.92,0.97,0.87,1.17,1.01,1.08
MAZE RUNNER: THE DEATH CURE,0.83,0.93,0.97,0.97,1.16,0.88,0.93,0.88,0.82,1.10,1.07,1.05,0.98,0.87,0.97,1.07,0.92,0.80
MAZE RUNNER: THE SCORCH TRIALS,0.78,0.78,0.94,1.07,1.39,0.90,0.94,0.90,1.03,1.03,1.11,1.05,0.94,0.96,0.90,0.96,0.88,0.85
"MCFARLAND, USA",0.63,0.52,0.95,1.48,1.45,0.77,1.06,1.54,1.50,0.87,1.66,1.43,0.77,1.15,1.01,0.62,0.56,0.79
ME BEFORE YOU,0.77,0.76,0.90,1.03,1.11,1.08,1.27,1.05,1.27,0.76,0.93,1.19,1.02,1.51,1.22,0.70,0.77,1.22
MECHANIC: RESURRECTION,0.76,0.70,0.74,0.98,0.84,0.83,0.77,1.21,1.24,0.97,1.05,1.01,0.83,0.84,0.83,1.17,0.97,0.86
MEET THE BLACKS,0.50,0.69,0.45,0.37,0.28,0.61,0.46,0.74,0.60,0.57,0.92,0.64,0.97,0.73,0.69,1.24,1.95,1.54
MEGAN LEAVEY,0.55,0.62,0.98,1.60,1.12,0.85,1.10,1.58,1.43,0.74,0.88,1.41,0.90,1.11,1.16,0.56,0.66,0.95
MEN IN BLACK 3,0.99,1.00,1.04,1.02,1.18,0.83,0.93,1.15,0.98,1.09,1.05,1.10,0.91,0.93,0.85,1.10,0.97,0.91
MIDDLE SCHOOL: THE WORST YEARS OF MY LIFE,0.74,0.90,0.82,1.06,0.80,1.60,1.52,0.92,1.29,0.73,0.93,1.21,0.99,1.13,0.91,1.01,0.90,0.88
MIDNIGHT SUN,0.63,0.75,0.86,1.12,1.37,1.17,1.15,1.07,1.04,0.77,1.06,1.06,1.05,1.21,1.39,0.72,0.61,0.94
MIKE AND DAVE NEED WEDDING DATES,0.83,0.81,1.02,1.05,0.88,1.22,1.00,0.89,1.46,0.90,0.88,0.97,0.90,0.90,1.11,0.72,0.81,0.74
MILE 22,0.75,0.87,0.86,1.14,0.86,0.96,0.88,1.18,1.07,1.03,1.10,1.13,0.94,0.85,0.88,0.96,0.92,0.86
MILLION DOLLAR ARM,0.89,0.72,0.96,1.34,1.09,0.91,1.14,1.12,1.64,0.85,0.88,1.12,0.76,1.10,0.96,0.65,0.68,0.86
MINIONS,0.81,0.78,0.87,0.97,1.06,0.97,1.04,0.98,0.83,1.00,1.27,1.15,0.97,1.09,0.93,1.12,0.85,0.95
MIRACLES FROM HEAVEN,0.43,0.59,0.70,0.94,0.86,0.83,0.88,1.25,0.90,0.82,1.59,1.40,0.97,1.45,1.11,1.00,0.77,1.21
MIRROR MIRROR,0.86,0.77,0.93,1.29,1.48,0.90,1.07,1.14,1.19,0.97,1.00,1.02,0.90,1.07,0.97,0.86,0.79,0.93
MISS PEREGRINE'S HOME FOR PECULIAR CHILDREN,0.89,0.83,0.92,0.98,1.08,1.04,0.99,0.94,1.03,0.94,1.01,0.96,1.06,0.99,1.01,0.99,0.93,0.91
MISS SLOANE,1.13,0.69,0.82,1.38,0.73,0.95,1.09,1.75,2.83,0.65,0.51,0.91,0.61,0.63,0.68,0.61,0.68,0.52
MISSION: IMPOSSIBLE - FALLOUT,1.29,1.06,1.04,1.14,0.97,0.79,1.06,1.02,1.22,1.05,0.70,0.82,0.74,0.65,0.70,0.87,0.83,0.62
MISSION: IMPOSSIBLE ROGUE NATION,1.45,1.09,1.05,1.08,1.03,0.74,1.04,1.01,1.23,1.07,0.69,0.80,0.71,0.61,0.64,0.97,0.93,0.65
MOANA,1.05,0.74,0.86,1.33,1.37,0.88,0.92,0.71,0.95,1.32,1.28,1.15,0.81,0.79,0.80,1.07,0.77,0.69
MOLLY'S GAME,1.02,0.69,0.97,1.23,0.81,0.91,1.08,1.57,2.06,0.64,0.55,0.89,0.68,0.54,0.85,0.63,0.76,0.47
MOMS' NIGHT OUT,0.42,0.70,1.17,1.12,1.46,0.66,1.05,1.22,1.18,0.71,0.78,1.40,1.12,2.09,1.54,0.55,0.81,1.53
MONEY MONSTER,1.03,0.78,0.91,1.25,0.77,1.03,1.11,1.36,1.97,0.75,0.63,0.85,0.79,0.67,0.91,0.70,0.78,0.59
MONKEY KINGDOM,0.80,0.75,1.03,1.23,1.12,1.51,1.30,1.20,1.63,0.78,0.85,1.40,0.96,1.14,1.13,0.70,0.74,1.02
MONSTER TRUCKS,0.43,0.64,0.67,0.88,1.02,0.96,0.81,0.85,0.74,0.73,1.31,1.23,1.02,1.52,1.09,0.93,0.81,1.16
MONSTERS UNIVERSITY,0.75,0.78,0.88,1.13,1.08,0.96,1.10,0.91,0.79,1.03,1.31,1.41,0.98,1.12,1.02,0.99,0.80,1.00
"MONSTERS, INC. 3D",0.82,0.83,0.87,0.87,0.81,1.25,1.10,0.80,1.20,0.76,1.00,1.20,0.94,1.09,0.99,0.93,0.84,0.89
MORGAN,0.95,0.77,0.81,0.96,0.82,0.92,0.71,0.98,1.47,0.96,1.07,0.95,0.89,0.90,0.85,1.11,1.14,0.86
MORTDECAI,0.91,0.64,1.03,1.20,1.21,0.84,0.90,1.53,2.04,0.75,0.66,0.97,0.80,0.91,1.00,0.58,0.69,0.71
MOTHER'S DAY,0.54,0.63,0.87,1.15,1.10,1.13,1.09,1.24,1.55,0.62,0.70,0.99,0.93,1.13,1.25,0.54,0.67,0.90
MOVIE 43,0.84,0.91,0.94,1.00,1.05,1.22,0.83,0.87,1.41,0.88,0.93,1.01,1.06,0.89,1.12,0.77,0.84,0.75
MR. PEABODY & SHERMAN,0.68,0.73,0.83,0.88,0.90,0.95,1.00,0.68,0.98,0.84,1.32,1.56,0.99,1.07,0.94,1.10,0.92,0.93
MUPPETS MOST WANTED,0.84,0.83,1.02,0.91,0.91,1.34,1.19,1.01,1.24,0.76,0.81,1.11,1.11,0.85,1.13,0.85,0.85,0.73
MURDER ON THE ORIENT EXPRESS,1.21,0.89,1.09,1.21,1.25,0.99,1.13,1.18,1.59,0.79,0.55,0.86,0.81,0.80,0.95,0.59,0.76,0.66
MY ALL AMERICAN,0.80,0.54,0.95,1.09,1.43,0.81,1.19,1.19,2.64,0.72,1.01,2.05,0.85,1.23,1.09,0.54,0.62,0.93
MY BIG FAT GREEK WEDDING 2,0.85,0.91,0.87,1.13,0.88,1.27,1.26,1.59,1.49,0.76,0.71,0.91,1.00,0.72,1.01,0.79,0.74,0.69
MY LITTLE PONY: THE MOVIE,0.70,0.83,0.87,0.91,1.03,1.21,1.05,0.83,1.06,0.88,1.09,1.17,1.06,1.08,1.07,1.09,0.92,0.88
NEED FOR SPEED,0.79,0.83,0.80,0.78,0.86,0.88,0.70,0.87,0.78,1.04,1.44,1.07,1.02,0.92,0.87,1.31,0.93,0.89
NEIGHBORS,0.99,0.91,1.01,1.06,0.94,0.98,0.92,0.91,1.27,1.03,1.13,1.09,1.06,0.95,1.11,0.93,0.94,0.90
NEIGHBORS 2: SORORITY RISING,0.82,0.82,0.84,0.91,0.82,1.03,0.85,0.78,1.13,1.00,1.25,1.02,0.98,0.93,0.95,1.00,0.96,0.84
NERVE,0.75,0.86,0.86,1.06,1.02,1.30,1.27,1.02,1.05,0.82,0.94,1.18,1.06,1.15,1.17,0.88,0.82,1.00
NIGHT AT THE MUSEUM: SECRET OF THE TOMB,0.69,0.76,1.04,1.06,1.30,0.86,1.22,1.02,1.23,0.84,0.94,1.17,1.03,1.26,1.21,0.79,0.79,1.03
NIGHTCRAWLER,1.56,0.87,1.04,1.12,0.81,1.00,0.89,0.77,2.01,1.00,0.86,0.90,0.81,0.54,0.83,0.76,0.88,0.52
NINE LIVES,0.67,0.78,0.82,1.04,0.83,1.11,1.11,1.35,1.35,0.75,0.97,1.32,0.99,1.39,1.10,0.93,0.77,1.09
NO ESCAPE,0.69,0.66,0.81,1.13,0.89,0.95,0.88,1.19,1.48,0.88,1.04,1.07,0.79,0.87,0.81,0.87,0.83,0.77
NO GOOD DEED,0.56,1.11,0.40,0.35,0.22,0.66,0.60,0.74,0.65,0.63,0.87,0.60,1.17,0.84,0.58,1.72,2.80,2.30
NOAH,0.99,0.96,1.01,0.99,1.07,0.78,0.83,1.16,0.97,1.06,1.10,1.03,0.95,0.88,0.83,1.07,0.90,0.88
NON-STOP,0.92,0.92,0.84,1.04,0.93,1.02,0.91,1.13,1.18,1.01,1.12,0.98,0.94,0.91,0.84,1.17,1.02,0.94
NORM OF THE NORTH,0.64,0.76,0.86,0.90,1.00,1.26,1.17,0.86,1.39,0.68,0.94,1.15,0.99,1.32,1.11,0.93,0.89,0.99
NOW YOU SEE ME,0.94,0.84,0.96,1.09,1.12,0.78,0.99,1.22,1.18,1.03,0.98,1.13,0.89,1.06,0.99,0.89,0.94,1.03
NOW YOU SEE ME 2,0.85,0.76,0.91,1.14,1.13,0.79,1.00,1.15,1.21,0.97,0.90,1.02,0.87,0.98,0.97,0.91,0.96,1.03
NUT JOB 2: NUTTY BY NATURE,0.63,0.69,0.73,0.84,0.68,0.98,0.99,0.73,1.09,0.69,0.98,1.20,0.76,0.91,0.89,0.92,0.85,0.82
OBLIVION,1.31,1.03,1.14,1.13,1.27,0.74,0.88,1.04,1.14,1.17,0.89,1.01,0.81,0.74,0.80,0.92,0.88,0.74
OCEAN'S 8,1.27,0.80,1.00,1.21,0.98,0.80,1.06,1.10,1.52,0.94,0.77,0.99,0.78,0.70,0.82,0.82,0.90,0.69
OCULUS,0.79,0.88,0.69,0.71,0.72,0.95,0.65,0.78,0.83,0.99,1.44,1.00,1.16,0.99,0.96,1.31,1.16,1.10
OFFICE CHRISTMAS PARTY,0.93,0.73,1.01,0.96,0.84,1.04,0.89,0.84,1.63,0.82,0.81,0.95,0.85,0.79,1.05,0.74,0.91,0.69
OLYMPUS HAS FALLEN,0.89,1.00,0.85,0.97,0.84,0.95,0.90,1.24,1.03,1.06,1.12,1.05,1.02,1.05,0.89,1.17,1.15,1.04
ONE DIRECTION: THIS IS US,0.79,1.00,0.85,0.98,0.83,1.58,1.26,0.82,1.00,0.94,1.19,0.95,1.16,1.05,1.11,1.08,0.75,0.83
ONE FOR THE MONEY,0.62,0.87,1.15,1.05,1.41,1.09,1.11,1.32,1.30,0.69,0.64,1.03,1.16,1.30,1.49,0.56,0.82,0.98
ONLY THE BRAVE,0.75,0.53,1.08,2.12,2.34,0.73,0.89,1.11,1.63,0.93,0.89,1.18,0.74,0.86,0.95,0.42,0.50,0.63
OOGIELOVES IN THE BIG BALLOON ADVENTURE,0.99,0.91,0.69,0.89,0.49,1.16,1.17,0.74,1.37,0.75,0.88,0.94,0.92,1.02,0.85,1.13,1.03,0.97
OPERATION FINALE,0.87,0.77,0.88,1.16,0.89,1.14,1.21,1.38,1.89,0.62,0.57,0.91,0.79,0.81,0.99,0.60,0.63,0.66
OUIJA,0.69,0.84,0.73,0.71,0.89,0.98,0.69,0.70,0.62,1.04,1.73,1.07,1.21,1.10,1.06,1.32,0.98,0.96
OUIJA: ORIGIN OF EVIL,0.81,0.85,0.72,0.76,0.76,0.99,0.68,0.67,0.75,1.09,1.59,1.02,1.10,0.89,0.92,1.39,1.05,0.85
OUT OF THE FURNACE,1.07,0.78,0.93,1.08,0.88,1.14,0.91,1.06,2.03,0.83,0.86,1.02,0.90,0.82,0.88,0.78,0.89,0.72
OVERBOARD,0.78,0.56,0.56,1.19,0.84,0.51,0.62,0.91,0.79,1.29,2.86,1.45,0.71,0.41,0.54,1.52,0.64,0.44
OZ THE GREAT AND POWERFUL,0.92,1.06,1.07,1.01,1.10,0.98,0.96,0.93,0.97,1.10,1.09,1.39,1.10,1.04,1.05,0.92,0.92,0.92
PACIFIC RIM,1.47,1.16,1.09,0.89,0.94,0.74,0.81,0.81,0.98,1.21,0.93,0.93,0.81,0.70,0.74,0.95,0.94,0.82
PACIFIC RIM UPRISING,0.97,0.98,1.01,0.97,1.07,0.72,0.76,0.92,0.78,1.23,1.23,1.05,0.93,0.77,0.92,1.07,0.95,0.83
PADDINGTON,0.81,0.87,0.91,1.01,0.90,1.25,1.37,0.86,1.52,0.67,0.78,1.06,1.05,1.36,1.13,0.77,0.86,1.05
PADDINGTON 2,1.01,0.88,0.92,1.02,0.85,1.34,1.34,0.79,1.51,0.66,0.66,1.06,0.82,1.11,0.97,0.78,0.88,0.93
PAIN AND GAIN,0.94,0.87,0.72,0.92,0.74,0.87,0.69,0.96,1.06,1.18,1.35,1.05,0.95,0.77,0.75,1.25,0.97,0.80
PAN,0.84,0.76,1.00,1.26,1.46,0.96,1.02,0.93,1.32,1.10,0.96,1.09,0.86,1.06,0.82,0.90,0.84,0.96
PAPER TOWNS,0.84,0.91,1.01,1.07,1.06,1.35,1.34,1.02,1.21,0.85,0.83,1.07,1.03,1.19,1.12,0.79,0.75,0.96
PARANOIA,0.86,0.77,0.86,1.18,1.31,0.94,1.05,1.22,1.68,0.86,0.80,1.14,0.80,1.02,0.80,0.83,0.84,0.95
PARANORMAL ACTIVITY 4,0.70,0.96,0.82,0.69,0.79,0.84,0.67,0.58,0.56,1.04,1.47,1.07,1.19,0.99,1.05,1.19,1.05,0.95
PARANORMAL ACTIVITY: THE GHOST DIMENSION,0.95,0.88,0.76,1.14,0.62,0.81,0.67,0.52,0.84,1.30,1.59,0.94,0.99,0.98,0.76,1.33,1.21,0.67
PARANORMAL ACTIVITY: THE MARKED ONES,0.69,0.73,0.63,0.84,0.65,0.74,0.60,0.68,0.67,1.20,1.91,1.20,0.98,0.92,0.73,1.48,1.03,0.97
PARANORMAN,0.94,0.75,0.77,1.04,0.90,1.03,0.91,0.75,1.12,0.98,1.36,1.25,0.86,0.87,0.75,1.05,0.79,0.72
PARENTAL GUIDANCE,0.53,0.86,0.92,1.17,0.92,1.16,1.29,1.28,1.38,0.73,0.81,1.20,1.04,1.37,1.23,0.68,0.80,1.09
PARKER,0.84,0.80,0.74,1.14,0.86,0.96,0.79,1.37,1.56,0.98,1.06,1.04,0.86,0.89,0.82,1.16,0.96,0.83
PASSENGERS,0.90,0.86,1.09,1.14,1.29,0.96,1.14,1.01,1.26,0.91,0.76,1.00,0.95,1.03,1.12,0.72,0.82,0.88
PATRIOTS DAY,0.70,0.82,0.92,1.09,0.82,2.46,1.10,1.26,1.51,0.70,0.65,1.01,0.93,0.85,1.03,0.57,0.65,0.71
PAUL BLART: MALL COP 2,0.58,0.73,0.81,0.94,0.97,1.49,1.05,1.01,0.88,0.91,1.35,1.14,1.06,1.23,1.00,1.04,0.84,1.07
"PAUL, APOSTLE OF CHRIST",0.66,0.86,1.01,1.24,1.15,1.01,1.12,1.37,1.20,0.81,0.95,1.22,1.08,1.46,1.26,0.72,0.74,1.13
PENGUINS OF MADAGASCAR,0.92,0.81,0.91,1.01,1.04,1.13,1.14,0.73,1.07,0.88,1.15,1.10,0.96,0.88,0.94,1.08,0.88,0.81
PEOPLE LIKE US,0.76,0.72,1.04,1.28,1.30,1.00,1.28,1.10,1.86,0.67,0.69,1.18,0.88,1.12,1.19,0.50,0.70,0.89
PEPPERMINT,0.60,0.75,0.83,1.24,0.96,0.93,0.87,1.22,1.13,0.99,1.20,1.32,0.99,1.03,1.04,0.91,0.91,0.98
PERCY JACKSON: SEA OF MONSTERS,0.69,0.85,0.93,1.02,1.10,1.15,1.11,0.91,1.03,0.88,0.82,1.11,0.89,1.05,0.93,0.85,0.84,1.01
PETE'S DRAGON,0.70,0.70,0.90,1.05,1.29,1.02,1.05,0.84,1.15,0.85,0.89,1.32,0.87,1.05,1.01,0.79,0.74,0.87
PETER RABBIT,0.64,0.80,0.78,0.98,0.92,1.11,1.04,0.81,0.93,0.84,1.14,1.09,0.96,1.35,1.05,0.96,0.86,1.23
PHANTOM,1.02,0.83,1.15,1.59,1.42,1.20,1.08,1.94,3.24,0.99,0.93,1.25,0.96,1.06,0.97,0.77,0.92,0.88
,7.55,4.31,8.06,8.95,,9.76,7.74,,8.16,5.92,5.03,,7.76,,5.61,7.87,6.12,7.23
PHOENIX FORGOTTEN,0.75,0.58,0.76,1.87,1.19,0.94,0.63,0.71,1.12,1.12,1.74,1.36,0.79,0.83,0.83,0.84,0.59,0.65
PIRATES OF THE CARIBBEAN: DEAD MEN TELL NO TALES,0.89,0.91,0.99,1.17,1.30,0.90,0.98,1.12,0.89,1.15,0.96,1.16,0.91,1.08,0.88,0.85,0.78,0.98
PITCH PERFECT,0.93,0.85,0.96,1.07,1.07,1.11,1.02,0.80,1.40,0.88,0.83,1.18,0.99,1.20,1.13,0.63,0.77,0.99
PITCH PERFECT 2,0.90,0.81,1.09,1.01,1.34,1.01,1.14,0.77,1.22,0.91,0.98,1.12,1.05,1.10,1.23,0.67,0.82,0.96
PITCH PERFECT 3,0.66,0.89,1.06,0.97,1.15,1.09,1.26,0.90,1.08,0.80,0.87,1.09,1.09,1.31,1.42,0.64,0.81,1.05
PIXELS,0.66,0.72,0.81,0.88,0.95,0.96,0.87,0.99,0.87,1.03,1.31,1.17,0.95,0.97,0.86,1.09,0.84,0.86
PLANES,0.68,0.76,0.91,1.06,1.18,0.96,1.06,0.92,1.03,0.90,0.92,1.32,0.85,1.17,0.94,0.84,0.75,1.04
PLANES: FIRE & RESCUE,0.64,0.63,0.81,1.09,1.11,0.82,1.00,0.93,0.96,0.85,0.99,1.36,0.82,1.38,0.90,0.79,0.75,1.20
PLAYING FOR KEEPS,0.73,0.72,0.99,1.19,1.32,1.02,1.06,1.18,1.55,0.82,0.85,1.22,0.94,1.28,1.15,0.72,0.76,1.05
POINT BREAK,0.71,0.69,0.82,1.18,1.23,0.96,0.93,1.05,1.54,0.89,0.89,1.01,0.84,1.06,0.84,0.86,0.87,0.91
POKEMON THE MOVIE: I CHOOSE YOU!,0.73,1.12,0.96,1.23,1.11,1.28,0.85,0.72,0.76,1.12,1.17,1.25,1.04,0.94,1.00,0.95,0.82,0.66
POLTERGEIST,0.65,0.81,0.77,0.83,0.89,0.91,0.75,0.89,0.76,1.05,1.62,1.16,1.13,1.08,0.94,1.33,1.21,1.19
POMPEII,0.83,0.79,0.90,0.93,1.02,1.03,0.77,1.05,1.17,1.05,1.10,0.97,0.88,0.78,0.82,1.04,0.84,0.78
POPSTAR: NEVER STOP NEVER STOPPING,1.56,0.75,0.96,1.08,0.76,0.94,0.92,0.77,2.24,0.78,0.69,0.88,0.74,0.73,0.87,0.64,0.83,0.64
POWER RANGERS,0.81,0.96,0.78,0.78,0.88,0.78,0.70,0.78,0.64,1.18,1.59,1.22,1.21,0.99,0.96,1.40,1.26,1.19
PREMIUM RUSH,1.27,0.81,0.81,1.07,1.04,0.83,0.81,0.84,1.56,1.01,0.92,0.91,0.69,0.65,0.68,0.99,0.83,0.62
PRIDE AND PREJUDICE AND ZOMBIES,0.96,0.79,0.97,0.93,1.37,0.83,0.80,0.78,1.40,1.06,1.06,1.04,0.92,0.95,0.92,0.86,0.96,0.92
PRISONERS,1.02,0.93,0.90,1.06,0.79,1.05,0.93,1.07,1.56,0.94,0.92,0.97,0.92,0.79,0.89,0.91,0.98,0.83
PROFESSOR MARSTON & THE WONDER WOMEN,1.27,0.66,0.84,1.09,0.66,0.97,0.71,0.77,2.29,0.64,0.56,0.82,0.60,0.45,0.67,0.50,0.61,0.44
PROJECT ALMANAC,0.80,0.80,0.81,0.98,1.08,1.01,0.82,0.87,1.14,1.03,1.28,1.10,0.94,0.95,0.89,1.12,0.93,0.86
PROJECT X,0.94,1.21,0.91,0.94,0.71,1.08,0.86,0.77,0.95,1.19,1.30,1.00,1.08,0.74,1.03,1.07,0.93,0.68
PROMETHEUS,1.73,1.28,1.19,0.93,0.90,0.80,0.90,0.89,1.28,1.15,0.78,0.87,0.82,0.65,0.73,0.89,0.98,0.70
PROMISED LAND,0.81,0.71,1.04,1.37,0.88,1.33,1.13,1.41,2.25,0.65,0.63,1.04,0.86,0.98,1.10,0.55,0.69,0.73
PROUD MARY,0.57,0.96,0.39,0.38,0.20,0.50,0.53,0.74,0.71,0.60,0.61,0.56,0.82,0.55,0.45,1.69,2.95,2.02
QUEEN OF KATWE,1.06,0.89,0.83,1.02,0.69,0.96,1.00,0.81,1.70,0.61,0.53,0.83,0.67,0.58,0.64,0.90,1.33,0.62
R.I.P.D.,0.65,0.72,0.85,1.09,1.16,0.96,0.79,1.01,0.95,0.92,1.08,1.15,0.82,1.10,0.90,0.88,0.79,1.03
RACE,0.82,0.77,0.83,1.05,0.99,0.94,1.00,1.33,1.67,0.67,0.67,0.79,0.85,0.76,0.87,0.90,1.46,0.89
RAMPAGE,0.68,0.87,0.81,0.89,0.90,1.01,0.74,0.96,0.67,1.13,1.46,1.13,1.12,0.93,0.94,1.29,1.04,0.94
RATCHET AND CLANK,0.61,0.72,0.78,0.82,0.97,1.13,0.91,0.78,1.06,0.81,1.12,1.07,1.04,1.10,1.06,1.06,0.92,0.94
READY PLAYER ONE,1.31,1.08,1.15,1.08,1.08,0.83,0.93,0.86,1.16,1.08,0.80,0.81,0.94,0.72,0.94,0.83,0.82,0.68
RED 2,0.79,0.75,1.03,1.20,1.35,0.98,1.02,1.23,1.38,0.89,0.76,1.11,0.85,1.01,0.99,0.75,0.85,0.90
RED DAWN,0.57,0.80,0.96,1.05,1.56,0.98,0.90,0.89,0.90,0.99,1.29,1.33,1.09,1.37,1.18,0.81,0.85,1.10
RED SPARROW,1.19,0.81,1.00,1.22,0.86,0.97,0.98,1.40,1.66,0.92,0.69,0.85,0.77,0.67,0.90,0.80,0.82,0.63
RED TAILS,0.79,0.91,0.75,0.82,0.87,0.50,0.82,0.89,0.91,0.81,0.80,0.86,0.96,0.99,0.79,1.21,2.21,1.48
RESIDENT EVIL: RETRIBUTION,0.97,1.05,0.83,0.71,0.79,0.72,0.55,0.77,0.67,1.25,1.51,0.96,0.99,0.73,0.75,1.43,1.05,0.84
RESIDENT EVIL: THE FINAL CHAPTER,0.95,1.00,0.83,0.69,0.79,0.80,0.56,0.79,0.74,1.22,1.37,0.98,0.99,0.74,0.82,1.33,1.07,0.78
RICKI AND THE FLASH,0.84,0.72,0.96,1.27,0.88,1.27,1.14,1.33,1.92,0.60,0.56,0.88,0.84,0.82,0.99,0.56,0.66,0.67
RIDDICK,0.97,0.99,0.99,0.91,1.06,0.74,0.68,0.92,0.88,1.18,1.11,1.05,0.94,0.80,0.80,1.27,1.10,0.94
RIDE ALONG,0.62,0.99,0.59,0.64,0.54,0.81,0.70,0.81,0.64,0.97,1.34,0.92,1.21,1.03,0.77,1.63,1.74,1.47
RIDE ALONG 2,0.64,0.95,0.59,0.60,0.54,0.80,0.67,0.87,0.67,0.98,1.35,0.93,1.17,1.01,0.76,1.70,1.88,1.62
RINGS,0.70,0.83,0.66,0.78,0.80,0.88,0.67,0.79,0.65,1.08,1.59,1.07,1.11,1.03,0.89,1.33,1.07,1.02
RIO 2,0.76,0.82,0.66,0.94,0.80,0.94,0.85,0.89,0.84,1.05,1.74,1.18,0.92,0.87,0.73,1.65,1.01,0.90
RISE OF THE GUARDIANS,0.75,0.79,0.88,1.07,1.28,1.12,1.08,0.73,0.86,0.90,1.01,1.17,0.92,1.04,0.96,0.88,0.81,0.89
RISEN,0.47,0.65,0.82,1.04,1.02,0.83,0.95,1.47,0.99,0.83,1.14,1.36,0.99,1.56,1.07,0.87,0.87,1.33
ROBOCOP,1.11,0.99,0.94,0.90,0.93,0.76,0.72,0.82,0.95,1.22,1.36,1.01,0.90,0.71,0.68,1.22,1.01,0.81
ROCK DOG,0.66,0.74,0.80,0.87,0.86,1.31,0.87,0.72,1.03,0.75,1.06,1.13,0.97,1.05,1.05,1.10,0.99,1.13
ROCK OF AGES,1.08,0.80,1.08,1.21,1.09,0.94,1.13,1.29,1.72,0.88,0.72,1.07,0.88,1.08,1.02,0.67,0.73,0.93
ROGUE ONE: A STAR WARS STORY,1.32,1.08,1.27,0.99,1.35,0.87,1.07,0.81,1.16,1.04,0.68,0.86,0.94,0.91,0.97,0.69,0.85,0.80
"ROMAN J. ISRAEL, ESQ.",0.88,0.93,0.69,1.14,0.61,0.90,0.88,1.17,1.38,0.75,0.69,0.85,0.83,0.70,0.71,1.07,1.69,0.95
ROUGH NIGHT,1.02,0.73,0.85,0.99,0.68,1.04,0.90,1.03,1.83,0.76,0.84,1.06,0.76,0.86,0.90,0.70,0.77,0.76
RULES DON'T APPLY,0.93,0.61,0.90,1.50,0.82,1.21,1.13,1.52,2.59,0.55,0.50,0.82,0.63,0.69,0.87,0.48,0.54,0.54
RUN ALL NIGHT,0.83,0.93,0.75,0.95,0.71,1.08,0.75,1.23,1.31,0.94,1.07,0.92,0.95,0.83,0.79,1.19,1.17,0.93
RUNNER RUNNER,1.00,0.95,0.84,1.05,0.71,1.08,0.83,1.06,1.60,1.03,0.95,0.91,0.86,0.69,0.79,1.09,1.05,0.69
RUSH,1.38,0.79,1.14,1.37,1.02,0.82,0.99,1.12,2.24,0.90,0.58,0.83,0.64,0.60,0.77,0.61,0.69,0.53
SABOTAGE,0.77,0.79,0.72,0.95,0.80,0.96,0.73,1.09,1.07,1.02,1.43,1.05,0.99,0.82,0.82,1.24,1.12,0.92
SAFE,0.89,0.82,0.72,0.94,0.80,0.88,0.75,1.09,1.20,0.97,1.03,0.88,0.88,0.71,0.75,1.24,1.02,0.79
SAFE HAVEN,0.50,0.93,1.00,0.86,1.24,1.29,1.22,1.17,0.96,0.65,0.62,1.04,1.34,1.95,1.47,0.56,0.75,1.54
SAFE HOUSE,0.93,1.14,0.80,0.85,0.68,0.91,0.85,1.03,1.15,0.94,0.95,0.83,1.06,0.72,0.78,1.41,1.68,1.08
SAME KIND OF DIFFERENT AS ME,0.69,0.90,1.16,1.08,1.30,0.56,1.12,1.62,1.99,0.75,0.58,1.95,1.02,1.09,1.12,0.51,0.74,1.37
SAMSON,0.57,0.73,0.79,1.17,1.03,0.81,0.80,1.13,1.00,0.89,1.17,1.46,1.06,1.42,1.03,0.84,0.84,1.18
SAN ANDREAS,1.01,0.78,0.77,1.24,0.86,0.79,0.72,0.92,0.88,1.36,1.80,1.12,0.89,0.81,0.73,1.31,0.95,0.83
SAUSAGE PARTY,1.12,1.04,0.83,0.87,0.70,1.21,0.89,0.76,1.29,0.98,0.98,0.87,1.04,0.67,0.99,1.01,1.03,0.67
SAVAGES,1.23,0.80,0.73,1.09,0.62,0.84,0.86,0.89,1.83,1.04,1.30,1.08,0.77,0.71,0.70,1.06,0.98,0.70
SAVING MR. BANKS,0.87,0.68,1.17,1.43,1.46,0.96,1.36,1.29,1.84,0.81,0.58,1.02,0.93,1.10,1.14,0.52,0.69,0.90
SAW 10TH ANNIVERSARY,1.20,0.87,0.83,0.74,0.68,1.08,0.71,0.57,1.06,0.89,1.06,0.77,0.99,0.84,0.86,1.08,1.13,0.78
SCARY MOVIE 5,0.55,0.87,0.65,0.63,0.61,1.08,0.78,0.84,0.62,0.83,1.35,0.89,1.25,1.07,1.12,1.28,1.14,1.17
SCOUTS GUIDE TO THE ZOMBIE APOCALYPSE,0.82,0.68,0.83,1.28,0.92,0.73,0.61,0.66,1.10,1.05,1.27,1.01,0.92,0.91,0.82,0.80,0.87,0.75
SEARCHING,1.35,0.94,1.00,1.48,0.61,1.12,0.85,0.65,1.47,1.15,0.97,0.79,0.86,0.30,0.74,0.95,0.84,0.39
SECRET IN THEIR EYES,0.78,0.76,0.75,1.15,0.84,1.10,0.95,1.34,1.56,0.83,1.04,1.19,0.93,1.12,0.90,0.95,1.02,1.01
SEEKING A FRIEND FOR THE END OF THE WORLD,1.10,0.81,1.06,1.27,0.88,1.01,1.03,1.20,2.53,0.81,0.72,1.02,0.76,0.72,0.86,0.70,0.73,0.63
SELF/LESS,0.79,0.74,0.89,1.16,1.19,0.94,0.97,1.27,1.72,0.85,0.97,1.09,0.86,1.04,0.88,0.97,0.99,0.95
SELMA,1.08,0.91,0.71,0.75,0.46,0.74,0.81,0.84,1.66,0.62,0.55,0.57,0.78,0.62,0.59,1.13,2.01,1.11
SEVEN PSYCHOPATHS,1.38,0.83,1.07,1.04,0.94,1.04,0.90,0.94,2.04,0.81,0.59,0.82,0.82,0.60,0.89,0.62,0.72,0.55
SEVENTH SON,0.74,0.86,0.98,0.91,1.35,0.73,0.66,0.82,1.02,1.02,1.07,1.06,0.90,0.94,0.89,0.93,0.88,0.89
SEX TAPE,0.86,0.79,0.88,1.00,0.81,1.09,0.92,1.13,1.49,0.93,0.97,1.03,0.87,1.02,0.91,0.85,0.80,0.91
SGT. STUBBY: AN AMERICAN HERO,0.78,0.75,0.90,1.22,1.14,1.81,1.10,0.85,1.18,0.72,0.93,1.24,0.93,1.13,1.07,0.64,0.74,0.84
SHAUN THE SHEEP MOVIE,1.06,0.74,1.03,1.18,1.05,1.28,1.26,0.89,1.85,0.70,0.72,1.09,0.80,0.85,0.90,0.71,0.77,0.67
SHERLOCK GNOMES,0.62,0.63,0.86,0.95,0.92,0.98,1.00,0.81,0.88,0.76,1.02,0.92,1.01,0.96,1.33,0.78,0.73,0.73
SHOW DOGS,0.55,0.77,0.70,0.94,0.72,1.22,1.13,1.30,1.10,0.68,0.98,1.03,0.99,1.34,1.03,0.87,0.78,1.12
SHUT IN,0.66,0.81,0.74,0.84,0.94,1.16,0.78,0.78,0.77,0.85,1.39,1.17,1.13,1.12,1.07,1.12,1.04,1.00
SICARIO,1.18,0.63,0.71,1.14,0.71,0.72,0.70,0.76,1.68,1.23,1.90,1.25,0.65,0.53,0.52,1.10,0.84,0.47
SICARIO: DAY OF THE SOLDADO,1.16,0.65,0.71,1.45,0.70,0.60,0.74,0.90,1.40,1.35,1.98,1.41,0.69,0.58,0.56,1.09,0.80,0.58
SIDE EFFECTS,1.38,0.88,0.95,1.08,0.72,0.73,0.98,1.28,2.21,0.82,0.68,0.88,0.78,0.82,0.85,0.79,0.99,0.76
SILENT HILL: REVELATION 3D,0.83,0.95,0.84,0.62,0.92,0.80,0.56,0.82,0.63,1.03,1.24,1.02,1.12,1.00,0.99,1.17,1.07,1.02
SILENT HOUSE,0.76,0.88,0.68,0.64,0.74,1.00,0.67,0.79,0.88,0.86,1.34,1.07,1.14,1.22,1.00,1.15,1.16,1.19
SING,0.76,0.91,0.91,0.91,1.01,1.01,1.23,0.79,0.82,0.87,1.02,1.09,1.08,1.13,1.19,0.97,0.93,1.08
SINISTER,0.78,0.95,0.79,0.73,0.81,0.92,0.72,0.70,0.77,1.06,1.49,1.07,1.27,1.06,1.07,1.24,1.06,0.93
SINISTER 2,0.67,0.87,0.74,0.69,0.79,1.19,0.72,0.73,0.83,0.96,1.34,1.01,1.19,1.08,0.98,1.19,1.05,0.97
SISTERS,0.98,0.76,1.03,1.05,0.91,0.97,1.06,1.00,1.79,0.75,0.73,0.95,0.85,1.08,1.15,0.65,0.81,0.81
SKYFALL,1.59,1.20,1.17,1.03,0.99,0.84,1.05,0.89,1.40,0.96,0.56,0.74,0.74,0.57,0.75,0.77,0.85,0.58
SKYSCRAPER,0.69,0.80,0.79,1.02,0.81,0.83,0.88,1.17,0.84,1.07,1.21,1.15,0.96,0.98,0.88,1.14,0.94,1.01
SLEEPLESS,0.69,0.92,0.54,0.56,0.40,0.70,0.59,0.77,0.86,0.77,0.94,0.76,0.91,0.76,0.66,1.54,1.96,1.40
SLENDER MAN,0.61,0.86,0.73,1.00,1.00,1.18,0.85,0.86,0.77,0.93,1.41,1.21,1.26,1.14,1.07,1.06,0.91,1.03
SMURFS: THE LOST VILLAGE,0.68,0.77,0.59,0.88,0.68,0.95,0.81,0.75,0.77,0.93,1.43,1.01,0.88,0.91,0.77,1.48,1.06,0.89
SNATCHED,0.74,0.80,0.98,1.14,0.91,1.18,0.97,1.25,1.37,0.83,0.85,1.05,0.94,0.97,1.06,0.74,0.86,0.84
SNITCH,0.63,0.87,0.66,0.85,1.00,0.89,0.68,0.98,0.91,1.05,1.51,1.11,1.00,1.00,0.80,1.41,1.29,1.17
SNOW WHITE AND THE HUNTSMAN,1.04,0.89,0.96,1.10,1.22,0.88,0.90,1.05,1.10,1.11,1.10,1.06,0.94,1.04,0.86,0.99,0.96,0.98
SNOWDEN,1.26,0.69,0.85,1.17,0.85,0.89,0.81,1.05,1.96,0.78,0.69,0.82,0.66,0.62,0.72,0.70,0.73,0.53
SOLO: A STAR WARS STORY,1.10,1.05,1.22,1.18,1.31,1.04,1.19,1.08,1.27,1.01,0.67,0.90,0.94,0.93,0.98,0.66,0.81,0.79
SON OF GOD,0.60,0.77,0.80,1.06,0.85,0.76,0.87,1.31,0.84,1.12,1.68,1.28,1.07,1.33,0.87,1.36,0.86,1.29
SOUTHPAW,0.92,0.80,0.77,1.05,0.78,1.09,0.91,0.96,1.40,1.07,1.30,1.23,0.90,0.81,0.80,1.14,1.03,0.72
SOUTHSIDE WITH YOU,0.79,0.74,0.51,0.65,0.26,0.55,0.57,0.42,1.29,0.57,0.40,0.40,0.65,0.65,0.47,1.15,1.89,1.06
SPARKLE,0.64,1.06,0.39,0.39,0.16,0.48,0.58,0.57,0.79,0.65,0.65,0.46,0.92,0.58,0.47,1.66,3.09,1.62
SPIDER-MAN: HOMECOMING,1.05,1.10,0.97,0.95,0.96,0.94,1.01,0.92,0.84,1.12,1.05,1.00,1.01,0.87,0.89,1.14,1.00,0.86
SPLIT,0.86,1.05,0.86,0.85,0.95,0.95,0.89,0.76,0.90,0.99,1.24,1.02,1.24,1.04,1.11,1.05,1.04,0.98
SPOTLIGHT,1.11,0.66,0.69,0.63,0.23,1.17,0.80,0.89,2.44,0.29,0.22,0.23,0.40,0.14,0.44,0.30,0.40,0.24
SPY,1.04,0.78,1.01,1.16,0.92,0.99,1.04,1.22,1.38,0.92,0.89,1.01,0.91,0.84,0.96,0.83,0.89,0.78
ST. VINCENT,0.72,0.71,1.03,1.15,1.10,1.26,1.13,1.27,1.98,0.59,0.52,0.77,0.87,0.68,1.12,0.49,0.61,0.53
STAR TREK BEYOND,1.22,1.06,1.30,1.00,1.28,0.85,1.00,0.91,1.22,0.96,0.54,0.78,0.86,0.76,0.90,0.67,0.84,0.71
STAR TREK INTO DARKNESS,1.38,1.14,1.26,0.93,1.26,0.78,0.95,0.86,1.09,1.01,0.62,0.82,0.79,0.75,0.81,0.73,0.89,0.76
STAR WARS: EPISODE I - THE PHANTOM MENACE 3D,0.82,1.06,1.28,1.01,1.28,1.24,1.15,0.86,0.88,1.01,0.91,1.12,1.25,1.20,1.37,0.71,0.83,0.92
STAR WARS: THE FORCE AWAKENS,1.26,1.21,1.25,0.90,1.32,0.87,1.10,0.86,1.12,1.03,0.68,0.82,1.01,0.95,1.01,0.75,0.89,0.83
STAR WARS: THE LAST JEDI,1.27,1.19,1.29,0.91,1.34,0.95,1.12,0.85,1.10,1.01,0.65,0.82,1.05,0.98,1.08,0.69,0.89,0.86
STEP UP ALL IN,0.75,0.75,0.67,0.76,0.87,0.95,0.86,0.97,0.94,0.87,1.16,1.12,0.92,1.05,0.88,1.30,0.89,1.06
STEP UP: REVOLUTION,0.70,0.83,0.69,0.75,0.86,0.97,0.86,1.03,0.83,0.95,1.25,1.11,0.94,1.14,0.88,1.42,0.97,1.13
STORKS,0.83,0.68,0.82,1.07,1.01,0.83,0.95,0.84,1.08,0.96,1.29,1.13,0.82,0.85,0.82,1.14,0.87,0.83
STRANGE MAGIC,0.60,0.60,0.85,0.90,1.28,0.88,0.83,0.87,1.25,0.81,1.01,1.20,0.89,1.09,0.96,0.87,0.81,0.96
STRANGERS: PREY AT NIGHT,0.68,0.80,0.66,0.81,0.64,1.03,0.66,0.83,0.78,0.95,1.61,1.26,1.19,1.03,1.06,1.20,1.16,1.16
SUBURBICON,0.98,0.74,0.95,1.22,0.89,1.11,0.97,1.19,1.88,0.74,0.57,0.85,0.80,0.62,1.00,0.62,0.72,0.52
SUICIDE SQUAD,0.96,1.03,0.92,0.88,0.95,0.91,0.88,0.91,0.87,1.13,1.19,1.02,1.09,0.89,0.95,1.16,1.01,0.87
SULLY,0.98,0.98,1.07,1.24,0.99,1.09,1.19,1.38,1.47,0.80,0.62,0.92,0.90,0.90,1.01,0.68,0.68,0.76
SUPER TROOPERS 2,0.64,0.94,1.29,0.98,1.40,1.28,0.87,1.03,1.16,0.78,0.72,0.93,1.33,1.16,1.82,0.48,0.74,0.80
SUPERFLY,0.54,0.90,0.42,0.34,0.14,0.45,0.47,0.65,0.73,0.61,0.59,0.54,0.95,0.58,0.55,1.55,2.98,1.90
TABLE 19,0.75,0.76,1.06,1.16,1.14,1.10,1.06,1.02,1.82,0.62,0.58,1.23,0.86,0.76,1.11,0.53,0.79,0.66
TAG,0.85,0.72,1.03,1.26,1.16,0.85,1.03,1.12,1.35,0.90,0.98,1.18,0.98,1.01,1.14,0.73,0.80,0.85
TAKEN 2,0.86,1.11,0.82,0.85,0.82,1.04,0.87,0.97,0.92,1.00,1.16,1.04,1.10,0.99,0.93,1.32,1.30,1.12
TAKEN 3,0.74,0.97,0.75,0.85,0.76,0.91,0.83,1.12,0.92,0.99,1.25,1.00,1.09,1.06,0.89,1.33,1.29,1.30
TAMMY,0.55,0.96,0.82,0.89,0.71,2.16,0.97,1.02,1.04,0.69,0.90,0.99,1.15,1.08,1.07,0.74,0.82,1.09
TCM PRESENTS SINGIN' IN THE RAIN 65TH ANNIVERSARY,,,,,,,,,,,,,,,,,,
TCM PRESENTS THE PRINCESS BRIDE 30TH ANN,,,,,,,,,,,,,,,,,,
TED,1.07,1.09,0.84,0.97,0.60,1.51,0.99,0.88,1.22,1.04,1.10,0.90,1.03,0.73,1.00,1.05,0.89,0.70
TED 2,0.88,0.98,0.76,0.86,0.64,1.84,0.95,1.00,1.20,0.89,1.00,0.79,1.08,0.76,0.91,1.11,0.98,0.78
TEEN TITANS GO! TO THE MOVIES,0.77,0.84,0.74,1.01,0.66,1.11,1.09,0.92,1.05,0.88,1.13,1.10,0.94,0.90,0.91,1.10,1.01,0.87
TEENAGE MUTANT NINJA TURTLES,0.62,0.77,0.74,0.76,0.89,0.81,0.68,0.90,0.63,1.01,1.51,1.24,1.09,1.16,0.94,1.26,1.03,1.14
TEENAGE MUTANT NINJA TURTLES: OUT OF THE SHADOWS,0.48,0.75,0.67,0.70,0.74,0.75,0.65,0.94,0.54,0.96,1.65,1.26,1.08,1.19,0.91,1.36,1.21,1.32
TERMINATOR GENISYS,0.99,0.99,0.86,0.94,0.87,0.80,0.82,0.95,0.96,1.13,1.13,0.94,0.85,0.77,0.68,1.21,1.03,0.83
TEXAS CHAINSAW 3D,0.62,0.95,0.59,0.51,0.51,0.94,0.62,0.78,0.56,0.88,1.56,1.01,1.34,1.32,0.98,1.45,1.44,1.63
THANK YOU FOR YOUR SERVICE,0.58,0.77,1.03,1.14,1.17,1.26,1.05,1.21,1.17,0.81,0.91,1.22,1.17,1.29,1.44,0.59,0.75,1.00
THAT AWKWARD MOMENT,0.95,0.81,0.90,0.86,0.88,1.13,0.84,0.72,1.25,0.84,0.90,0.99,0.98,0.95,1.10,0.74,0.79,0.78
THAT'S MY BOY,0.78,0.87,0.74,0.96,0.75,1.00,0.78,1.08,1.02,1.08,1.41,1.13,1.01,1.00,0.95,1.07,0.86,0.95
THE 5TH WAVE,0.64,0.59,0.90,1.10,1.39,0.77,0.85,1.08,1.07,1.04,1.20,1.20,0.91,0.93,1.09,0.88,0.74,0.93
THE 15:17 TO PARIS,0.70,0.73,0.93,1.54,1.24,1.02,1.12,1.63,1.47,0.78,0.80,1.13,0.92,1.16,1.05,0.59,0.69,1.00
THE 33,0.70,0.61,0.75,1.19,1.18,0.85,0.81,0.97,1.22,1.02,1.60,1.30,0.84,0.92,0.89,1.08,0.73,0.70
THE ACCOUNTANT,1.09,0.77,1.03,1.29,0.94,0.94,0.97,1.15,1.62,0.94,0.77,0.99,0.82,0.72,0.89,0.79,0.85,0.67
THE AGE OF ADALINE,0.89,0.68,1.05,1.19,1.46,1.05,1.02,1.09,1.70,0.76,0.76,1.04,0.88,1.06,1.00,0.64,0.73,0.93
THE AMAZING SPIDER-MAN,1.02,1.09,0.90,0.89,0.87,0.83,0.96,0.95,0.86,1.06,1.13,1.01,0.95,0.94,0.83,1.19,0.98,0.89
THE AMAZING SPIDER-MAN 2,1.01,1.14,0.92,0.83,0.92,0.82,0.82,0.95,0.82,1.14,1.22,0.97,1.06,0.78,0.83,1.39,1.10,0.90
THE ANGRY BIRDS MOVIE,0.68,0.71,0.73,0.93,0.94,0.86,0.92,0.79,0.79,0.99,1.48,1.19,0.91,1.12,0.81,1.22,0.92,1.00
THE APPARITION,0.72,0.89,0.81,0.85,1.12,1.04,0.82,0.90,0.97,0.97,1.53,1.31,1.17,1.27,0.95,1.11,1.00,1.10
,,,,0.00,,,,,,,,,,,,,,
THE AVENGERS,1.07,1.15,1.04,0.91,1.10,0.85,0.88,0.90,0.82,1.13,1.16,0.98,1.09,0.94,0.95,1.15,1.05,0.91
THE BELKO EXPERIMENT,0.74,1.01,0.83,0.77,0.66,1.18,0.77,0.86,0.98,0.80,1.04,1.03,1.13,0.91,1.05,1.05,1.35,0.99
THE BEST EXOTIC MARIGOLD HOTEL,0.64,0.56,0.86,1.03,0.84,0.79,0.90,1.16,1.93,0.43,0.45,0.72,0.58,0.78,0.66,0.39,0.54,0.51
THE BEST MAN HOLIDAY,0.64,1.10,0.39,0.25,0.13,0.50,0.55,0.60,0.67,0.57,0.56,0.48,1.01,0.62,0.48,1.68,2.99,2.06
THE BEST OF ME,0.57,0.77,0.94,0.82,1.14,1.09,1.00,0.98,1.00,0.68,0.76,1.03,1.22,1.81,1.47,0.62,0.70,1.43
THE BFG,0.78,0.73,0.95,1.18,1.30,0.90,1.05,0.93,1.16,0.90,0.88,1.05,0.86,1.10,0.94,0.76,0.77,0.93
THE BIG SHORT,1.22,0.78,0.91,1.09,0.55,1.01,1.20,1.01,2.12,0.52,0.32,0.61,0.65,0.59,0.75,0.56,0.65,0.37
THE BIG SICK,1.24,0.74,0.95,1.11,0.62,1.05,1.08,0.84,2.11,0.54,0.42,0.71,0.59,0.50,0.71,0.45,0.60,0.41
THE BIG WEDDING,0.82,0.72,0.85,1.12,0.72,1.10,1.07,1.80,1.82,0.72,0.65,0.97,0.86,1.07,0.99,0.68,0.72,0.83
THE BIRTH OF A NATION,0.87,1.07,0.43,0.35,0.20,0.65,0.59,0.43,0.87,0.53,0.53,0.46,0.86,0.48,0.45,1.61,3.09,1.21
THE BOOK OF LIFE,0.97,0.60,0.67,1.16,0.82,0.63,0.65,0.64,1.09,1.46,2.37,1.27,0.78,0.61,0.64,1.53,0.76,0.56
THE BOSS,0.78,0.79,0.89,0.99,0.80,1.10,0.90,0.94,1.29,0.85,1.06,0.95,1.04,0.94,1.16,0.85,0.94,0.78
THE BOSS BABY,0.73,0.83,0.77,0.88,0.88,0.83,0.97,0.83,0.83,0.97,1.40,1.05,1.11,1.06,1.09,1.18,1.01,0.93
THE BOURNE LEGACY,1.14,0.93,1.01,1.23,1.24,0.86,1.07,0.99,1.36,1.02,0.79,1.04,0.78,0.73,0.77,0.90,0.92,0.76
THE BOXTROLLS,0.95,0.71,0.90,1.19,1.13,0.98,0.94,0.90,1.15,1.05,1.38,1.13,0.87,0.89,0.82,1.14,0.81,0.83
THE BOY,0.69,0.64,0.69,0.84,0.92,0.72,0.59,0.85,0.68,1.05,1.84,1.31,1.05,1.01,1.02,1.25,0.97,1.21
THE BOY NEXT DOOR,0.74,0.80,0.61,0.76,0.63,0.94,0.70,0.92,1.05,0.98,1.49,1.12,1.00,0.96,0.83,1.37,1.12,1.02
THE BRONZE,1.01,0.76,0.99,1.13,1.16,1.03,0.86,1.02,2.12,0.75,0.76,0.87,0.84,0.54,0.99,0.65,0.77,0.59
THE BROTHERS GRIMSBY,1.31,0.77,0.78,1.01,0.79,1.03,0.74,0.89,1.75,0.96,0.99,0.88,0.72,0.51,0.68,1.05,0.86,0.52
THE BYE BYE MAN,0.58,0.91,0.66,0.71,0.77,0.91,0.78,0.91,0.53,0.82,1.34,1.07,1.34,1.49,1.16,1.15,1.18,1.61
THE CABIN IN THE WOODS,1.27,1.01,0.86,0.81,0.80,0.89,0.68,0.80,1.45,0.96,1.00,0.78,1.01,0.88,0.90,1.01,1.13,0.90
THE CALL,0.76,1.00,0.61,0.76,0.55,0.85,0.72,0.98,0.94,0.97,1.28,0.92,1.11,0.88,0.80,1.52,1.72,1.28
THE CAMPAIGN,0.90,0.99,1.02,0.93,0.75,1.09,1.13,1.04,1.36,0.80,0.75,1.06,1.04,1.33,1.14,0.67,0.93,1.12
THE CASE FOR CHRIST,0.67,0.87,1.13,1.41,1.25,0.82,1.12,1.42,1.19,0.83,0.80,1.40,1.04,1.25,1.21,0.66,0.73,1.06
THE CHOICE,0.43,0.69,0.93,0.86,1.26,0.97,1.07,1.36,1.07,0.50,0.58,1.00,1.18,2.17,1.45,0.47,0.74,1.73
THE CIRCLE,0.97,0.66,1.15,1.15,1.23,0.82,1.01,1.12,1.70,0.77,0.60,1.04,0.81,0.72,1.07,0.57,0.75,0.65
THE COLD LIGHT OF DAY,0.79,0.69,0.83,1.33,1.40,0.94,0.98,1.46,1.57,0.93,1.06,1.21,0.78,0.97,0.85,0.89,0.79,0.87
THE COLLECTION,0.94,0.91,0.70,0.70,0.76,1.08,0.65,0.78,0.96,0.90,1.24,0.95,1.20,0.93,0.93,1.21,1.21,1.02
THE COMEDIAN,0.88,0.77,0.73,1.36,0.51,1.50,0.91,1.54,2.77,0.60,0.54,0.82,0.67,0.48,0.71,0.69,0.55,0.42
THE COMMUTER,0.81,0.94,0.80,1.14,0.95,1.01,1.00,1.32,1.12,0.93,1.01,1.09,0.89,0.89,0.87,1.05,0.98,0.99
THE CONJURING,0.75,0.96,0.77,0.81,0.68,1.07,0.82,0.80,0.81,1.06,1.51,1.09,1.23,1.19,1.03,1.19,1.11,1.16
THE CONJURING 2,0.75,0.82,0.74,0.78,0.70,0.87,0.72,0.82,0.74,1.11,1.67,1.12,1.14,1.05,0.95,1.25,1.07,1.22
THE COUNSELOR,1.42,0.84,0.91,1.09,0.70,0.91,0.88,1.19,2.16,0.97,0.80,0.91,0.76,0.58,0.73,0.91,0.94,0.62
THE CROODS,0.68,0.78,0.85,0.86,1.15,0.93,1.02,1.07,0.73,0.99,1.34,1.15,1.00,1.31,1.01,1.25,0.91,1.05
THE D TRAIN,1.23,0.71,0.98,1.31,0.96,0.86,0.93,1.14,2.92,0.77,0.83,0.92,0.66,0.62,0.79,0.65,0.72,0.55
THE DARK KNIGHT RISES,1.33,1.28,1.09,0.83,1.00,0.94,1.01,0.81,1.00,1.07,0.90,0.85,1.03,0.81,0.92,1.01,1.00,0.78
THE DARK TOWER,0.78,0.82,0.96,0.89,1.11,0.88,0.81,0.92,0.97,0.96,0.89,1.15,0.96,0.95,0.93,0.93,1.08,1.05
THE DARKEST MINDS,0.62,0.83,0.78,0.89,0.97,1.06,0.86,0.97,0.90,0.85,1.06,1.09,1.03,1.10,0.99,1.03,1.04,1.00
THE DARKNESS,0.55,0.79,0.74,0.79,0.91,0.98,0.76,0.90,0.78,0.85,1.39,1.13,1.19,1.25,1.16,1.12,1.11,1.20
THE DESCENDANTS,0.82,0.64,0.83,1.01,1.22,1.04,0.94,1.29,1.60,0.57,0.56,0.77,0.86,0.93,1.00,0.46,0.59,0.66
THE DEVIL INSIDE,0.70,0.97,0.71,0.70,0.71,1.07,0.71,0.76,0.67,1.15,1.61,1.03,1.24,0.94,0.98,1.35,1.04,0.98
THE DICTATOR,1.54,1.07,0.74,0.90,0.49,1.07,0.88,0.88,1.43,1.01,0.95,0.72,0.77,0.51,0.60,1.30,0.82,0.51
THE DISAPPOINTMENTS ROOM,0.70,0.72,0.84,0.98,0.90,1.06,0.74,0.86,1.18,0.93,1.32,1.16,1.02,1.08,1.09,1.04,0.98,0.96
THE DISASTER ARTIST,1.44,1.01,0.96,0.99,0.79,0.79,0.78,0.57,1.78,0.78,0.53,0.80,0.41,0.01,0.67,0.61,0.80,0.24
THE DIVERGENT SERIES: ALLEGIANT,0.67,0.85,1.07,0.85,1.29,0.99,0.98,1.05,0.95,0.91,0.86,1.06,1.11,1.13,1.17,0.88,0.93,1.00
THE DIVERGENT SERIES: INSURGENT,0.76,0.92,1.13,0.86,1.42,1.02,1.02,0.95,1.01,0.93,0.85,1.06,1.12,1.11,1.13,0.87,0.93,0.98
THE DROP,1.04,0.79,0.87,1.11,0.57,1.02,0.96,1.14,1.96,0.77,0.61,0.93,0.67,1.00,0.68,0.65,0.74,0.48
THE DUFF,0.72,0.80,0.87,0.93,1.28,1.29,1.12,0.79,1.09,0.79,1.10,1.16,1.08,1.23,1.23,0.79,0.79,1.01
THE EDGE OF SEVENTEEN,1.27,0.83,1.15,1.25,0.92,1.06,1.16,0.70,1.86,0.81,0.89,1.09,0.90,0.82,1.17,0.63,0.75,0.62
THE EMOJI MOVIE,0.60,0.73,0.69,0.92,0.66,1.01,0.96,0.89,0.86,0.88,1.27,1.29,0.93,0.95,0.83,1.26,0.94,0.99
THE EQUALIZER,0.95,1.07,0.81,0.90,0.65,0.82,0.81,1.05,1.07,1.06,1.06,0.89,0.99,0.70,0.71,1.40,1.64,1.08
THE EQUALIZER 2,0.74,1.02,0.70,1.00,0.57,0.89,0.87,1.08,0.92,1.00,1.03,1.00,1.00,0.86,0.79,1.31,1.58,1.25
THE EXPENDABLES 2,0.81,0.87,0.77,0.89,0.85,0.84,0.71,0.92,0.82,1.11,1.31,1.04,0.96,0.94,0.82,1.15,0.92,0.91
THE EXPENDABLES 3,0.80,0.80,0.85,0.94,0.92,0.88,0.78,1.02,0.94,1.04,1.17,1.06,0.94,0.94,0.93,1.01,0.89,0.94
THE FAMILY,0.84,0.85,0.90,1.25,0.80,1.25,1.00,1.55,1.68,0.92,0.79,1.02,0.89,0.80,0.89,0.85,0.83,0.76
THE FATE OF THE FURIOUS,0.91,1.00,0.76,0.73,0.74,0.85,0.70,0.95,0.69,1.15,1.34,1.01,1.01,0.90,0.81,1.52,1.16,1.05
THE FAULT IN OUR STARS,0.78,0.91,1.03,0.96,0.93,1.21,1.26,0.98,1.00,0.84,1.00,1.10,1.25,1.33,1.41,0.84,0.78,1.12
THE FIFTH ESTATE,1.48,0.72,0.87,1.01,0.72,0.80,0.80,0.97,2.44,0.72,0.57,0.77,0.68,0.55,0.69,0.73,0.78,0.52
THE FINEST HOURS,0.71,0.79,0.96,1.32,1.39,1.35,0.99,1.48,1.44,0.80,0.67,0.97,0.79,0.87,0.86,0.63,0.64,0.79
THE FIRST PURGE,0.64,0.89,0.61,0.77,0.56,0.93,0.74,0.99,0.75,0.98,1.46,1.06,1.13,1.03,0.84,1.39,1.38,1.33
THE FIVE-YEAR ENGAGEMENT,1.40,0.86,1.02,1.00,0.70,0.95,0.90,0.91,2.13,0.81,0.60,0.74,0.73,0.62,0.87,0.67,0.76,0.52
THE FOREIGNER,0.92,0.78,0.79,1.05,0.81,0.82,0.74,1.04,1.08,1.15,1.16,1.07,0.89,0.75,0.84,1.07,1.00,0.80
THE FOREST,0.64,0.84,0.73,0.84,0.97,1.09,0.83,0.86,0.78,0.94,1.43,1.15,1.16,1.32,1.00,1.14,0.99,1.16
THE FOUNDER,1.11,0.77,0.99,1.41,0.73,0.95,1.12,1.25,2.42,0.63,0.45,0.73,0.68,0.54,0.82,0.52,0.64,0.43
THE GALLOWS,0.53,0.80,0.75,0.70,0.83,1.04,0.80,0.88,0.74,0.83,1.35,1.10,1.21,1.40,1.09,1.09,1.19,1.39
THE GAMBLER,0.79,0.85,0.86,0.99,0.74,1.43,1.00,1.08,1.76,0.80,0.77,0.84,0.94,0.80,0.97,0.89,0.95,0.74
THE GIFT,1.01,0.86,0.87,1.04,0.73,1.17,1.03,1.02,1.47,0.83,0.97,1.07,0.98,0.93,0.97,0.98,1.06,0.88
THE GIRL ON THE TRAIN,1.14,0.90,0.96,0.94,0.68,1.32,1.12,0.87,1.70,0.72,0.65,0.79,0.88,0.74,0.88,0.77,0.90,0.66
THE GIVER,0.97,0.88,1.02,1.23,1.34,1.19,1.20,0.93,1.57,0.81,0.71,1.10,0.87,1.00,1.05,0.67,0.73,0.85
THE GLASS CASTLE,0.56,0.73,0.96,1.16,1.13,1.10,1.25,1.10,1.53,0.53,0.55,1.00,0.99,1.56,1.17,0.48,0.65,0.91
THE GOOD DINOSAUR,0.88,0.71,0.86,1.10,1.26,0.99,1.00,0.67,0.94,1.05,1.36,1.35,0.90,1.06,0.98,1.04,0.77,0.83
THE GREAT GATSBY,1.52,1.13,1.17,1.10,0.83,1.07,1.29,0.95,1.61,0.89,0.63,0.96,0.99,1.01,1.06,0.73,0.92,0.93
THE GREAT WALL,1.07,0.99,0.98,1.07,1.15,0.80,0.74,0.98,0.92,1.26,1.08,1.05,0.73,0.69,0.72,1.03,0.80,0.66
THE GREATEST SHOWMAN,0.83,0.89,1.07,1.24,1.70,1.06,1.47,1.25,1.43,0.75,0.59,1.03,0.97,1.25,1.23,0.65,0.78,0.97
THE GREEN INFERNO,0.77,0.88,0.81,0.86,0.94,1.05,0.71,0.85,1.04,1.04,1.47,1.05,1.14,1.06,0.95,1.11,1.00,0.92
THE GREY,0.91,0.88,1.00,0.98,1.19,1.01,0.90,0.95,1.15,0.92,0.98,1.00,1.04,1.11,1.01,0.88,0.91,0.91
THE GUILT TRIP,0.82,0.76,0.93,1.34,1.02,1.14,1.13,1.40,1.86,0.78,0.80,1.06,0.91,1.06,1.09,0.75,0.71,0.79
THE GUNMAN,0.95,0.77,0.75,1.05,0.77,1.03,0.76,1.25,1.63,0.94,1.08,0.96,0.81,0.66,0.72,1.11,1.18,0.73
THE HANGOVER PART III,0.94,0.96,0.76,0.93,0.69,1.15,0.88,0.94,1.19,1.00,1.14,0.92,0.98,0.91,0.94,1.08,1.03,0.97
THE HAPPYTIME MURDERS,0.78,0.86,0.93,0.86,0.91,1.26,0.74,0.97,1.06,0.93,0.95,0.85,1.11,0.83,1.13,0.93,0.97,0.79
THE HATEFUL EIGHT,1.40,0.98,1.05,1.02,0.87,0.82,0.81,0.86,1.47,0.90,0.64,0.79,0.79,0.83,0.95,0.68,0.94,0.75
THE HEAT,0.77,0.91,0.98,1.12,0.88,1.24,1.10,1.23,1.16,0.89,0.97,1.15,1.10,1.18,1.21,0.74,0.87,1.05
THE HITMAN'S BODYGUARD,0.77,0.73,0.91,0.99,0.95,0.89,0.81,1.02,1.04,1.03,0.95,1.06,0.86,0.75,0.90,0.98,0.97,0.79
THE HOBBIT: AN UNEXPECTED JOURNEY,1.27,1.12,1.39,0.93,1.69,0.85,0.95,0.72,1.02,0.97,0.62,0.87,0.91,0.96,1.02,0.59,0.81,0.84
THE HOBBIT: THE BATTLE OF THE FIVE ARMIES,1.05,1.12,1.38,0.92,1.56,0.82,1.00,0.73,1.03,0.96,0.70,0.88,0.94,0.93,1.05,0.64,0.77,0.79
THE HOBBIT: THE DESOLATION OF SMAUG,1.19,1.09,1.51,0.86,2.08,0.89,0.95,0.70,0.97,0.97,0.65,0.94,1.06,1.01,1.13,0.58,0.79,0.88
THE HOST,0.72,0.85,0.99,1.07,2.05,0.86,0.94,1.00,1.01,0.94,0.89,1.04,1.00,1.20,1.07,0.82,0.82,1.07
THE HOUSE,0.75,0.70,0.92,1.10,0.79,1.06,1.00,0.99,1.58,0.79,0.92,1.17,0.90,0.96,1.08,0.66,0.82,0.78
THE HUNDRED-FOOT JOURNEY,0.97,0.68,0.96,1.34,0.92,0.97,1.16,1.22,2.08,0.66,0.50,0.89,0.65,0.74,0.81,0.59,0.60,0.61
THE HUNGER GAMES,1.13,1.05,1.18,0.97,1.45,1.00,1.10,0.93,1.13,0.93,0.76,0.90,1.09,1.10,1.11,0.76,0.90,0.94
THE HUNGER GAMES: CATCHING FIRE,1.02,1.05,1.22,0.94,1.37,0.96,1.18,0.88,1.02,0.94,0.84,1.04,1.11,1.19,1.21,0.75,0.89,1.06
THE HUNGER GAMES: MOCKINGJAY - PART 1,1.00,0.92,1.14,0.94,1.37,0.94,1.12,0.88,1.14,0.92,0.87,1.02,1.09,1.18,1.18,0.76,0.94,1.09
THE HUNGER GAMES: MOCKINGJAY - PART 2,0.99,1.01,1.17,0.87,1.42,0.95,1.10,0.86,1.03,0.94,0.81,1.02,1.10,1.25,1.14,0.75,0.95,1.06
THE HUNTSMAN: WINTER'S WAR,0.85,0.74,0.83,0.97,1.17,0.95,0.79,0.94,1.10,1.13,1.25,1.07,0.90,0.86,0.81,1.19,0.98,0.91
THE HURRICANE HEIST,0.64,0.70,0.69,1.11,0.98,0.86,0.77,1.26,0.84,0.87,1.34,1.22,0.91,0.92,0.96,1.09,0.91,1.00
THE IDENTICAL,0.61,0.64,0.87,1.55,0.98,0.87,1.06,1.66,1.70,0.77,0.86,1.30,0.86,1.22,0.99,0.63,0.92,1.06
THE INCREDIBLE BURT WONDERSTONE,1.03,0.80,0.98,1.05,1.20,0.98,0.93,0.95,1.50,0.98,0.92,1.00,0.88,0.83,0.98,0.76,0.74,0.67
THE INFILTRATOR,1.00,0.82,0.85,1.23,0.62,0.99,1.02,1.29,2.31,0.84,1.00,1.02,0.72,0.63,0.72,0.88,0.82,0.58
THE INTERN,0.99,0.79,1.02,1.36,1.06,1.04,1.28,1.46,1.93,0.73,0.55,0.90,0.82,0.86,0.96,0.58,0.70,0.72
THE INTERNSHIP,1.17,0.99,0.96,1.20,0.80,1.12,1.23,1.21,1.60,0.94,0.79,0.98,0.91,0.85,0.97,0.79,0.82,0.84
THE JUDGE,0.81,0.75,1.04,1.27,0.99,1.21,1.17,1.35,1.79,0.70,0.65,0.97,0.95,1.02,1.08,0.55,0.68,0.80
THE JUNGLE BOOK,0.97,0.95,0.86,0.96,1.10,0.88,0.82,0.90,0.81,1.16,1.31,1.27,0.89,0.92,0.74,1.20,0.94,1.02
THE LAST EXORCISM PART II,0.60,0.89,0.58,0.61,0.60,0.94,0.67,0.76,0.58,0.95,1.73,1.07,1.20,1.18,0.96,1.48,1.22,1.32
THE LAST STAND,0.72,0.70,0.79,0.99,1.03,0.83,0.76,1.02,1.05,1.02,1.29,1.20,0.89,1.09,0.90,0.98,0.79,0.87
THE LAZARUS EFFECT,0.65,0.95,0.68,0.74,0.82,1.00,0.69,0.87,0.82,1.01,1.57,1.05,1.22,1.17,0.92,1.32,1.26,1.33
THE LEGEND OF HERCULES,0.69,0.74,0.74,0.83,1.07,0.88,0.70,0.98,0.91,1.07,1.33,1.15,0.95,1.00,0.85,1.28,1.07,1.06
THE LEGEND OF TARZAN,0.79,0.88,0.86,0.95,1.03,0.69,0.87,1.13,0.87,1.04,1.11,1.09,0.95,1.08,0.84,1.03,0.98,1.20
THE LEGO BATMAN MOVIE,0.98,0.87,1.04,1.00,1.18,0.92,1.04,0.65,1.03,0.96,1.05,1.04,1.02,0.88,1.08,0.88,0.86,0.69
THE LEGO MOVIE,0.82,0.78,0.99,1.04,1.21,1.01,1.19,0.71,1.01,0.93,1.13,1.16,1.18,1.02,1.23,0.92,0.80,0.82
THE LEGO NINJAGO MOVIE,0.87,0.72,0.95,1.05,1.13,0.95,1.09,0.80,1.17,0.91,1.01,1.13,0.84,0.83,0.89,0.94,0.86,0.77
THE LETTERS,0.79,0.72,0.92,1.38,1.10,1.13,1.11,1.38,1.89,0.90,0.96,1.30,0.92,0.87,1.10,0.77,0.70,0.74
THE LIGHT BETWEEN OCEANS,0.78,0.68,0.89,1.21,1.15,1.16,1.09,1.13,1.68,0.61,0.65,0.97,0.82,0.93,0.91,0.53,0.61,0.77
THE LOFT,0.87,0.89,0.82,0.92,0.73,1.16,0.84,1.23,1.76,0.80,0.91,1.01,1.02,0.91,0.92,1.08,1.30,1.02
THE LONE RANGER,0.60,0.66,0.97,1.18,1.52,0.83,0.98,1.17,0.97,0.89,0.91,1.26,0.93,1.43,1.03,0.62,0.71,1.16
THE LONGEST RIDE,0.50,0.68,1.05,0.93,1.48,0.99,1.02,1.00,1.01,0.66,0.82,1.13,1.13,1.75,1.36,0.49,0.66,1.45
THE LUCKY ONE,0.60,0.81,0.99,0.86,1.11,1.14,1.06,1.13,0.98,0.71,0.73,0.98,1.26,1.66,1.40,0.59,0.73,1.35
THE MAGNIFICENT SEVEN,0.87,0.83,1.03,1.17,1.31,0.70,0.89,1.00,1.14,1.04,1.00,1.13,0.88,0.96,0.89,0.89,1.09,1.02
THE MAN WITH THE IRON FISTS,1.04,0.87,0.77,0.85,0.73,0.71,0.60,0.68,1.14,1.16,1.07,0.85,0.83,0.60,0.64,1.07,1.24,0.78
THE MARTIAN,1.54,0.96,1.16,1.11,1.16,0.96,1.11,0.94,1.54,0.95,0.64,0.82,0.82,0.68,0.80,0.72,0.83,0.61
THE MAZE RUNNER,0.95,0.95,1.06,1.09,1.42,0.88,1.02,0.95,0.92,1.07,1.06,1.17,0.95,0.91,0.90,0.93,0.81,0.86
THE MEG,0.69,0.97,0.85,0.92,0.88,1.04,0.90,1.09,0.76,1.01,1.28,1.22,1.07,1.08,0.95,1.02,0.84,1.02
THE MIRACLE SEASON,0.51,0.80,1.08,1.09,1.24,0.89,1.18,0.92,1.06,0.68,0.90,1.31,1.17,1.58,1.70,0.55,0.71,1.04
THE MONUMENTS MEN,0.97,0.74,1.09,1.37,1.16,1.00,1.15,1.79,1.76,0.76,0.59,0.96,0.83,0.79,1.01,0.54,0.66,0.71
THE MORTAL INSTRUMENTS: CITY OF BONES,0.73,0.84,0.96,0.93,1.19,0.84,0.83,0.83,0.85,0.99,0.86,0.97,0.85,1.05,0.89,0.88,0.81,1.01
THE MOUNTAIN BETWEEN US,0.61,0.77,0.83,1.03,1.16,1.04,0.97,1.17,1.03,0.79,0.93,1.15,1.02,1.16,1.03,0.87,1.07,1.09
THE MUMMY,0.91,0.85,0.83,0.94,0.88,0.65,0.76,1.15,0.85,1.18,1.28,1.18,0.84,0.80,0.72,1.30,1.11,0.96
THE NICE GUYS,1.33,0.74,0.98,1.29,0.93,0.91,1.04,1.09,2.23,0.78,0.59,0.85,0.71,0.72,0.78,0.59,0.72,0.60
THE NIGHT BEFORE,1.10,0.88,0.86,0.95,0.78,1.16,0.87,0.77,1.53,1.00,0.98,0.89,0.95,0.78,0.95,0.84,0.93,0.68
THE NOVEMBER MAN,0.89,0.74,0.91,1.23,0.81,0.97,1.03,1.32,1.91,0.83,0.70,0.92,0.81,0.83,0.93,0.77,0.84,0.76
THE NUN,0.80,0.92,0.74,0.83,0.66,0.94,0.69,0.74,0.66,1.24,1.73,1.21,1.21,0.91,0.92,1.39,1.05,1.01
THE NUT JOB,0.65,0.85,0.80,0.82,0.89,1.27,1.18,0.85,1.03,0.71,1.00,1.18,1.07,1.33,1.11,1.00,0.92,1.10
THE ODD LIFE OF TIMOTHY GREEN,0.64,0.74,0.90,1.22,1.11,1.15,1.16,1.05,1.37,0.81,0.94,1.38,0.90,1.32,1.05,0.73,0.78,1.07
THE OTHER WOMAN,0.93,0.82,0.99,1.15,1.04,1.08,0.93,1.04,1.44,0.92,0.95,1.06,0.91,0.82,0.98,0.84,0.80,0.78
THE PEANUTS MOVIE,0.80,0.91,0.82,0.98,0.83,1.31,1.13,0.69,0.97,0.87,1.12,1.02,1.06,1.06,0.95,1.07,0.98,0.92
THE PERFECT GUY,0.61,1.08,0.40,0.33,0.21,0.68,0.57,0.78,0.75,0.65,0.83,0.58,1.12,0.80,0.49,1.84,2.77,2.09
THE PERFECT MATCH,0.54,0.75,0.42,0.37,0.38,0.82,0.55,0.57,0.87,0.50,0.55,0.58,0.69,0.63,0.52,1.24,2.10,1.17
THE PIRATES! BAND OF MISFITS,0.95,0.73,0.92,1.06,1.02,0.95,1.01,0.79,1.26,0.86,0.96,0.97,0.81,0.83,0.88,0.81,0.76,0.70
THE POSSESSION,0.77,0.82,0.64,0.75,0.72,0.83,0.67,0.83,0.68,1.13,1.83,1.17,1.12,1.12,0.96,1.31,1.03,1.12
THE POST,1.21,0.82,1.05,1.27,0.87,1.17,1.18,1.84,1.97,0.58,0.39,0.69,0.67,0.58,0.86,0.48,0.65,0.51
THE PREDATOR,0.99,1.01,0.88,0.94,0.83,0.79,0.73,0.85,0.77,1.29,1.44,1.09,0.97,0.75,0.80,1.34,1.14,0.84
THE PROMISE,2.87,0.66,0.58,1.28,0.76,0.97,0.70,1.09,1.71,0.61,0.63,0.78,0.49,0.48,0.52,0.48,0.44,0.41
THE PURGE,0.74,1.00,0.74,0.82,0.66,1.06,0.86,0.90,0.85,1.02,1.33,1.12,1.27,1.15,1.03,1.28,1.24,1.17
THE PURGE: ANARCHY,0.76,0.94,0.68,0.81,0.65,0.97,0.75,0.90,0.74,1.03,1.48,1.05,1.19,1.08,0.89,1.43,1.34,1.19
THE PURGE: ELECTION YEAR,0.67,0.92,0.65,0.75,0.59,0.92,0.73,0.90,0.75,1.06,1.50,1.03,1.22,1.07,0.91,1.43,1.42,1.27
THE QUIET ONES,0.73,0.75,0.75,0.86,0.96,1.06,0.73,0.85,0.80,0.93,1.49,1.07,1.10,1.11,1.01,1.08,1.03,1.04
THE RAVEN,0.79,0.87,1.01,0.96,1.02,1.09,0.88,1.11,1.34,0.96,0.94,1.04,1.13,1.24,1.15,0.83,0.88,0.99
THE RESURRECTION OF GAVIN STONE,0.44,0.95,1.05,1.02,0.98,0.69,1.28,1.25,0.82,0.62,0.83,1.57,1.36,1.70,1.72,0.60,0.68,1.20
THE SECOND BEST EXOTIC MARIGOLD HOTEL,0.68,0.64,0.87,1.18,0.83,0.97,1.02,2.06,1.98,0.52,0.38,0.68,0.73,0.62,0.76,0.51,0.59,0.54
THE SECRET LIFE OF PETS,0.74,0.79,0.95,0.97,1.01,1.07,1.12,1.05,0.87,0.88,1.05,1.14,1.00,1.22,1.06,0.90,0.83,1.06
THE SECRET LIFE OF WALTER MITTY,0.88,0.77,1.33,1.28,1.87,1.03,1.30,1.12,1.59,0.84,0.60,1.09,0.89,0.96,1.12,0.58,0.70,0.77
THE SECRET WORLD OF ARRIETTY,1.01,0.96,0.96,1.17,1.11,1.45,1.11,0.67,1.60,0.83,0.77,1.04,0.92,0.92,0.92,0.75,0.85,0.80
THE SHACK,0.33,0.68,0.91,0.90,1.19,0.84,1.03,1.45,0.90,0.57,0.72,1.25,1.18,2.03,1.44,0.48,0.84,1.57
THE SHALLOWS,0.71,0.78,0.77,1.12,0.99,1.00,1.09,1.35,1.13,0.93,1.26,1.27,0.94,1.37,0.93,0.99,0.86,1.27
THE SMURFS 2,0.55,0.71,0.58,0.66,0.58,0.98,0.87,0.78,0.81,0.73,1.13,1.02,0.86,1.09,0.82,1.19,0.88,1.06
THE SNOWMAN,0.94,0.77,0.96,0.95,0.90,1.07,0.83,1.04,1.37,0.82,0.89,1.16,0.99,0.94,1.09,0.83,1.01,0.83
THE SPACE BETWEEN US,0.70,0.66,0.99,1.13,1.65,0.91,0.92,0.96,1.12,0.82,0.94,1.21,0.92,1.23,1.17,0.62,0.62,0.82
THE SPONGEBOB MOVIE: SPONGE OUT OF WATER,0.60,0.93,0.66,0.79,0.67,1.10,0.92,0.76,0.73,0.88,1.50,1.02,1.30,1.08,1.03,1.34,1.10,1.03
THE SPY WHO DUMPED ME,1.02,0.73,0.98,1.25,1.00,1.03,0.99,1.05,1.54,0.86,0.82,1.02,0.83,0.79,0.97,0.68,0.72,0.68
THE STAR,0.53,0.65,0.76,0.82,0.89,0.71,1.04,0.94,0.81,0.73,1.22,1.36,0.98,1.92,1.15,1.01,0.87,1.60
THE THREE STOOGES,0.66,0.84,0.70,1.00,0.62,1.52,0.87,0.96,0.99,0.92,1.38,1.08,1.21,1.28,1.17,1.09,0.84,0.94
THE TRANSPORTER REFUELED,0.92,0.98,0.79,0.81,0.79,0.76,0.72,1.00,1.08,1.16,1.16,0.98,0.79,0.73,0.66,1.29,1.08,0.84
THE TWILIGHT SAGA: BREAKING DAWN - PART 2,0.67,0.85,0.87,0.86,1.22,0.88,0.86,0.92,0.76,1.01,1.31,1.14,1.21,1.47,1.18,1.03,1.00,1.34
THE VOW,0.79,0.91,0.98,0.99,1.20,1.07,0.97,0.87,1.06,0.96,1.10,1.10,1.21,1.25,1.20,0.84,0.80,1.12
THE WALK,1.93,1.37,0.93,0.96,0.69,0.96,0.91,0.74,1.78,0.92,0.62,0.66,0.65,0.46,0.57,0.87,0.77,0.44
THE WATCH,0.86,0.92,0.91,1.04,0.86,1.07,0.93,1.03,1.20,1.06,1.17,1.11,1.02,0.93,0.95,0.95,0.88,0.84
THE WEDDING RINGER,0.78,1.07,0.68,0.70,0.51,0.97,0.73,0.80,1.09,0.95,1.04,0.86,1.12,0.79,0.79,1.44,1.78,1.21
THE WILD LIFE,0.61,0.63,0.66,0.89,0.79,0.99,0.82,0.89,1.39,0.69,0.98,1.14,0.81,1.03,0.90,0.97,0.88,0.89
THE WITCH,1.25,0.80,0.92,0.80,0.86,1.12,0.75,0.65,1.82,0.88,1.03,0.91,0.99,0.94,0.94,0.79,0.92,0.76
THE WOLF OF WALL STREET,1.44,1.02,0.89,0.99,0.54,1.22,1.18,1.25,2.04,0.74,0.52,0.67,0.70,0.46,0.74,0.85,0.77,0.48
THE WOLVERINE,1.04,0.99,0.88,0.91,0.93,0.90,0.85,0.86,0.94,1.10,1.07,0.96,0.94,0.82,0.80,1.20,1.10,0.92
THE WOMAN IN BLACK,0.69,0.88,0.82,0.77,1.02,1.08,0.84,0.83,0.77,0.96,1.28,1.09,1.28,1.28,1.17,0.96,0.96,1.15
THE WOMAN IN BLACK 2 ANGEL OF DEATH,0.64,0.89,0.62,0.72,0.76,0.91,0.74,0.79,0.64,1.03,1.65,1.06,1.14,1.25,0.96,1.37,1.22,1.40
THE WORDS,1.14,0.81,0.89,1.24,0.84,1.08,1.06,1.18,2.42,0.77,0.63,0.95,0.71,0.74,0.78,0.75,0.90,0.66
THE WORLD'S END,1.55,0.87,1.19,0.96,0.81,0.98,0.86,0.67,2.22,0.81,0.56,0.71,0.77,0.62,0.88,0.59,0.80,0.54
THE YOUNG MESSIAH,0.66,0.60,0.83,1.24,0.93,0.98,0.90,1.26,1.14,0.99,1.26,1.49,1.04,1.12,1.04,0.85,0.80,1.03
THINK LIKE A MAN,0.73,1.14,0.42,0.31,0.18,0.56,0.55,0.76,0.67,0.68,0.67,0.48,1.02,0.60,0.49,1.80,2.57,1.65
THINK LIKE A MAN TOO,0.69,1.10,0.42,0.36,0.20,0.61,0.57,0.78,0.86,0.76,0.88,0.60,0.98,0.60,0.47,1.89,2.61,1.83
THIS IS 40,1.00,0.89,1.06,1.16,0.86,1.01,1.10,0.98,1.78,0.92,0.87,1.00,0.84,0.91,1.06,0.73,0.82,0.79
THIS IS THE END,1.23,1.01,0.88,1.04,0.72,1.04,0.93,0.79,1.49,1.08,1.05,0.98,0.89,0.65,0.81,0.90,0.94,0.69
THIS IS WHERE I LEAVE YOU,1.06,0.72,0.99,1.29,0.82,1.23,1.15,1.36,2.20,0.71,0.62,0.90,0.85,0.77,1.03,0.53,0.65,0.65
THIS MEANS WAR,0.91,0.89,1.10,1.16,1.49,0.97,1.01,1.02,1.36,0.93,0.81,1.02,0.90,1.06,1.06,0.73,0.77,0.90
THOR: RAGNAROK,1.11,1.12,1.08,0.91,1.18,0.89,0.93,0.79,0.91,1.09,0.96,0.94,1.03,0.86,0.97,0.97,0.98,0.85
THOR: THE DARK WORLD,1.01,1.02,1.06,0.95,1.23,0.91,0.89,0.82,0.85,1.15,1.05,1.04,1.06,0.88,0.96,1.05,1.00,0.91
TITANIC 3D,1.05,1.24,1.00,0.75,0.76,1.28,0.85,0.79,0.85,0.88,0.99,0.91,1.17,1.07,1.06,0.96,0.76,0.87
TOMB RAIDER,0.97,0.84,1.00,1.13,1.23,0.78,0.84,0.99,0.94,1.09,0.93,1.04,0.89,0.74,0.89,0.89,0.83,0.79
TOMORROWLAND,1.10,0.85,1.16,1.39,1.37,0.80,1.07,1.09,1.33,1.17,0.91,1.22,0.77,0.84,0.80,0.88,0.77,0.81
TOP FIVE,1.08,0.98,0.44,0.42,0.12,1.05,0.78,0.56,1.49,0.62,0.57,0.40,0.73,0.42,0.45,1.29,2.05,0.77
TOTAL RECALL,1.08,0.84,0.91,1.14,1.11,0.73,0.85,0.99,1.19,1.14,1.02,1.07,0.82,0.77,0.75,1.05,0.97,0.81
TRAFFIK,0.51,0.79,0.57,0.66,0.83,0.75,0.75,0.95,0.77,0.66,0.87,0.82,0.88,0.81,0.87,1.07,1.70,1.22
TRAINWRECK,1.48,0.97,1.04,1.06,0.70,1.11,1.16,0.96,1.98,0.80,0.57,0.73,0.81,0.70,0.93,0.65,0.88,0.62
TRANSCENDENCE,1.24,0.99,1.02,1.01,0.86,0.82,0.75,1.07,1.31,1.01,0.83,0.84,0.74,0.64,0.70,0.94,0.88,0.68
TRANSFORMERS: AGE OF EXTINCTION,0.78,0.95,0.87,0.79,0.85,0.70,0.74,0.97,0.63,1.13,1.37,1.07,0.99,0.96,0.84,1.25,1.04,1.11
TRANSFORMERS: THE LAST KNIGHT,0.71,0.93,0.77,0.76,0.77,0.70,0.71,0.92,0.57,1.14,1.37,1.18,0.95,0.99,0.80,1.31,1.14,1.16
TRIPLE 9,0.88,0.81,0.67,0.89,0.66,1.02,0.70,0.88,1.39,0.91,1.16,0.87,0.92,0.65,0.79,1.28,1.52,0.80
TROLLS,0.64,0.83,0.85,0.86,1.07,1.12,1.05,0.70,0.83,0.87,1.18,1.08,1.10,1.13,1.13,1.07,0.94,0.91
TROUBLE WITH THE CURVE,0.67,0.67,1.08,1.47,1.28,1.00,1.13,1.36,1.56,0.76,0.69,1.10,0.97,1.22,1.25,0.47,0.62,0.98
TULLY,1.10,0.66,0.85,1.27,0.62,0.91,0.93,1.10,2.07,0.58,0.46,0.65,0.67,0.48,0.69,0.53,0.55,0.40
TURBO,0.69,0.74,0.74,1.01,0.86,0.99,0.98,0.95,0.93,0.96,1.32,1.30,0.83,1.18,0.84,1.13,0.88,1.10
TYLER PERRY PRESENTS PEEPLES,0.62,0.98,0.44,0.40,0.29,0.63,0.62,0.78,0.65,0.59,0.75,0.59,0.93,0.97,0.60,1.42,2.36,1.72
TYLER PERRY'S A MADEA CHRISTMAS,0.36,0.79,0.46,0.34,0.29,0.64,0.69,1.09,0.46,0.55,0.87,0.83,1.15,2.22,0.73,1.20,1.64,2.74
TYLER PERRY'S ACRIMONY,0.43,0.91,0.40,0.36,0.23,0.62,0.56,0.83,0.61,0.52,0.72,0.65,0.98,0.81,0.57,1.42,2.48,2.44
TYLER PERRY'S BOO 2! A MADEA HALLOWEEN,0.34,0.74,0.46,0.35,0.35,0.56,0.62,1.01,0.40,0.55,0.97,0.87,1.19,1.90,0.78,1.19,1.78,2.73
TYLER PERRY'S BOO! A MADEA HALLOWEEN,0.34,0.76,0.46,0.36,0.37,0.58,0.61,0.86,0.42,0.55,0.97,0.86,1.21,2.09,0.77,1.15,1.74,2.81
TYLER PERRY'S GOOD DEEDS,0.44,0.96,0.34,0.27,0.19,0.39,0.54,0.72,0.61,0.49,0.61,0.46,0.97,0.78,0.46,1.52,2.88,2.32
TYLER PERRY'S MADEA'S WITNESS PROTECTION,0.42,0.86,0.42,0.34,0.25,0.51,0.63,1.04,0.45,0.58,0.90,0.78,0.94,1.51,0.59,1.44,2.03,2.49
TYLER PERRY'S TEMPTATION,0.57,1.04,0.34,0.26,0.15,0.51,0.48,0.70,0.61,0.53,0.70,0.50,0.95,0.79,0.47,1.69,2.76,2.20
TYLER PERRY'S THE SINGLE MOMS CLUB,0.50,0.91,0.50,0.53,0.37,0.73,0.63,0.82,0.92,0.67,0.94,0.81,1.01,0.89,0.62,1.40,2.09,1.67
UNBROKEN,0.67,0.85,1.18,1.25,1.48,1.18,1.35,1.21,1.31,0.80,0.74,1.07,1.08,1.20,1.33,0.52,0.72,0.96
UNBROKEN: PATH TO REDEMPTION,0.51,0.70,0.96,1.47,1.29,0.69,1.08,1.39,1.04,0.70,0.76,1.30,1.03,1.74,1.19,0.49,0.69,1.31
UNCLE DREW,0.61,0.93,0.65,0.77,0.68,0.91,0.84,0.98,0.73,0.79,1.00,0.92,1.10,1.17,0.91,1.20,1.72,1.81
UNDERWORLD: AWAKENING,0.96,1.05,0.93,0.77,1.09,0.67,0.62,0.80,0.71,1.20,1.23,0.97,1.04,0.95,0.83,1.25,1.14,1.03
UNDERWORLD: BLOOD WARS,0.78,0.81,0.76,0.80,0.81,0.69,0.55,0.92,0.82,1.20,1.37,1.08,0.99,0.77,0.85,1.42,1.18,0.93
UNFINISHED BUSINESS,0.78,0.72,0.92,0.94,0.87,1.29,0.86,0.98,1.87,0.88,1.06,1.06,0.94,0.88,1.04,0.76,0.84,0.72
UNFORGETTABLE,0.73,0.80,0.70,0.84,0.59,1.07,0.74,0.97,1.29,0.83,1.15,1.07,0.92,0.84,0.81,1.15,1.32,1.02
UNFRIENDED,0.63,0.84,0.70,0.69,0.72,1.03,0.66,0.84,0.76,0.92,1.52,1.05,1.18,1.17,0.94,1.22,1.20,1.22
UNFRIENDED: DARK WEB,0.80,0.80,0.75,0.97,0.75,1.09,0.85,0.87,1.06,0.99,1.37,1.21,1.05,0.91,0.93,1.13,0.96,0.87
UNSANE,1.07,0.90,0.95,1.15,0.94,1.24,0.93,0.94,1.41,0.85,0.94,0.92,1.01,0.78,1.13,0.83,0.91,0.74
UPGRADE,1.13,0.85,0.89,1.18,0.82,0.89,0.88,0.96,1.60,0.94,0.93,1.02,0.88,0.77,0.85,0.97,1.01,0.83
VACATION,0.53,0.67,0.88,0.95,0.92,0.96,0.92,1.19,1.17,0.78,0.92,1.05,1.00,1.25,1.10,0.70,0.81,1.08
VALERIAN AND THE CITY OF A THOUSAND PLANETS,1.16,0.85,1.14,1.02,1.09,0.79,0.80,1.03,1.09,1.10,0.77,1.01,0.81,0.75,0.86,0.81,0.84,0.72
VAMPIRE ACADEMY,0.73,0.77,0.84,0.87,1.14,0.97,0.89,0.95,1.08,0.84,1.08,1.12,1.18,1.26,1.17,0.92,0.86,1.20
VICTOR FRANKENSTEIN,0.73,0.70,0.87,0.97,1.17,1.12,0.80,0.81,1.44,0.85,1.07,1.01,0.91,1.06,0.94,0.91,0.93,0.83
WALKING WITH DINOSAURS,0.68,0.69,0.85,0.96,1.09,1.03,1.02,0.82,0.94,0.90,1.39,1.35,0.97,1.21,1.03,1.03,0.78,1.00
WANDERLUST,1.20,0.82,0.98,1.06,0.96,1.10,1.01,1.07,2.12,0.77,0.59,0.83,0.83,0.81,0.95,0.64,0.73,0.59
WAR DOGS,1.09,0.78,0.89,1.00,0.74,0.98,0.90,0.89,1.69,0.89,0.85,0.94,0.78,0.69,0.78,0.87,0.83,0.61
WAR FOR THE PLANET OF THE APES,1.02,0.91,0.80,0.92,0.75,0.84,0.81,0.90,0.88,1.16,1.35,1.07,0.92,0.75,0.73,1.39,1.23,0.95
WAR ROOM,0.34,0.92,0.82,0.67,0.74,0.80,1.00,1.17,0.72,0.59,0.63,1.29,1.00,1.85,0.96,0.73,1.24,2.04
WARCRAFT,1.09,1.07,1.07,0.84,1.20,0.76,0.72,0.87,0.76,1.17,0.93,0.87,0.90,0.85,0.88,0.95,0.84,0.88
WARM BODIES,0.85,0.83,0.91,0.95,1.36,0.92,0.81,0.86,0.89,1.10,1.29,1.15,1.03,1.14,1.03,0.97,0.80,1.01
WE ARE YOUR FRIENDS,1.18,0.67,0.78,1.04,0.85,1.00,0.79,0.75,1.94,0.88,0.91,0.93,0.66,0.62,0.73,0.77,0.67,0.50
WE'RE THE MILLERS,0.70,0.92,0.96,0.99,0.87,1.13,1.08,1.12,1.21,0.87,0.94,1.10,1.02,1.15,1.11,0.76,0.80,0.99
WHAT TO EXPECT WHEN YOU'RE EXPECTING,0.79,0.81,0.95,1.03,1.10,0.88,0.95,1.11,1.31,0.85,0.90,1.04,0.84,1.24,0.99,0.77,0.79,1.04
WHEN THE BOUGH BREAKS,0.49,1.00,0.36,0.26,0.17,0.55,0.55,0.73,0.63,0.52,0.66,0.54,1.02,0.73,0.49,1.72,2.94,2.60
WHEN THE GAME STANDS TALL,0.51,0.57,1.07,1.46,1.41,0.89,1.23,0.89,1.30,0.74,0.86,1.37,0.97,1.60,1.31,0.50,0.65,1.39
WHISKEY TANGO FOXTROT,1.08,0.65,1.00,1.30,0.94,1.03,1.01,1.13,2.37,0.63,0.51,0.81,0.70,0.66,0.90,0.49,0.69,0.52
WHITE BOY RICK,0.92,0.86,0.74,0.98,0.59,0.97,0.81,1.00,1.48,0.86,0.92,0.99,0.99,0.69,0.90,1.01,1.39,0.80
WHITE HOUSE DOWN,0.81,0.95,0.76,0.91,0.77,0.93,0.94,1.19,1.04,0.99,1.01,1.05,0.96,1.10,0.81,1.26,1.31,1.23
WHY HIM?,0.75,0.77,0.96,1.11,0.96,1.08,1.12,1.00,1.33,0.86,1.03,1.09,1.00,1.04,1.29,0.75,0.78,0.80
WINCHESTER,0.74,0.66,0.88,1.19,1.18,0.92,0.73,0.96,1.00,1.07,1.40,1.23,1.01,1.14,1.10,0.79,0.78,0.93
WINTER'S TALE,0.70,0.70,1.07,1.17,1.73,1.07,1.04,1.19,1.89,0.74,0.69,1.00,0.94,1.23,1.08,0.55,0.71,0.94
WISH UPON,0.63,0.78,0.62,0.78,0.70,0.90,0.73,0.85,0.58,0.86,1.40,1.19,1.06,1.16,0.93,1.13,1.16,1.36
WOMAN IN GOLD,1.36,0.66,0.54,1.30,0.07,0.69,0.41,2.17,3.26,0.35,0.21,0.17,0.08,0.03,0.04,0.43,0.27,0.03
WON'T BACK DOWN,0.81,0.90,0.77,1.06,0.85,1.13,0.96,1.15,1.51,0.70,0.78,1.08,0.95,0.96,0.83,0.89,1.31,1.12
WONDER,0.70,0.83,1.05,1.00,1.27,1.06,1.49,0.98,1.13,0.69,0.85,1.11,1.09,1.40,1.45,0.65,0.75,1.08
WONDER WOMAN,1.33,1.04,0.99,0.99,0.95,0.79,0.92,0.93,1.10,1.16,1.03,1.05,0.87,0.80,0.75,1.07,1.06,0.85
WOODLAWN,0.36,0.60,0.92,0.91,1.10,0.59,1.13,1.20,0.91,0.62,0.73,1.14,1.02,2.49,1.25,0.51,0.77,2.00
WORLD WAR Z,1.00,0.87,0.89,1.03,1.06,0.83,0.85,0.90,0.97,1.09,1.22,1.10,0.93,0.88,0.83,1.09,0.96,0.88
WRATH OF THE TITANS,0.97,1.09,0.92,0.85,1.13,0.74,0.68,0.90,0.69,1.21,1.34,0.99,1.04,0.92,0.85,1.20,1.10,0.99
WRECK-IT RALPH,0.89,0.93,0.97,1.07,1.23,1.04,1.09,0.69,0.90,1.06,1.15,1.26,1.01,1.00,1.05,0.90,0.86,0.84
X-MEN: APOCALYPSE,1.05,0.94,0.84,0.85,0.82,0.85,0.83,0.79,0.97,1.17,1.15,0.92,0.95,0.78,0.79,1.28,1.25,0.97
X-MEN: DAYS OF FUTURE PAST,1.33,1.02,0.96,0.94,0.93,0.85,0.86,0.82,1.01,1.14,1.08,0.93,0.94,0.72,0.77,1.26,1.18,0.90
XXX: THE RETURN OF XANDER CAGE,0.86,1.03,0.74,0.72,0.70,0.87,0.65,0.80,0.70,1.09,1.21,0.95,0.91,0.70,0.72,1.51,1.09,0.78
YOU'RE NEXT,0.94,0.93,0.70,0.71,0.69,1.11,0.74,0.78,1.07,0.92,1.23,0.93,1.06,0.98,0.86,1.30,1.33,1.11
ZERO DARK THIRTY,1.19,0.98,1.07,1.14,0.81,1.13,1.23,1.04,1.98,0.92,0.71,1.01,0.89,0.81,0.85,0.71,0.88,0.75
ZOOLANDER 2,1.42,0.76,0.98,1.08,1.11,1.15,0.98,0.68,1.86,0.93,0.76,0.71,0.69,0.53,0.72,0.72,0.79,0.46
ZOOTOPIA,1.01,0.86,0.88,1.08,1.14,0.87,0.99,0.68,0.89,1.06,1.24,1.20,0.99,0.98,0.97,1.03,0.86,0.90